set @company_id=10;
set @hr_id_mother = 10;
set @hr_id_mother_mobile = '13800000000';
Set @hr_id_child = 11;
Set @hr_id_child_mobile = '13800000001';
set @team_id_mother = 10


-- 创建付费母公司
REPLACE INTO `hrdb`.`hr_company` (`id`, `type`, `name`, `introduction`, `scale`, `address`, `property`, `industry`, `homepage`, `logo`, `abbreviation`, `impression`, `banner`, `parent_id`, `hraccount_id`, `disable`, `create_time`, `update_time`, `source`, `slogan`, `feature`, `fortune`) VALUES (@company_id, '0', '上海大岂网络科技有限公司1', '仟寻是日本最大互联网公司Recruit Holdings在华战略投资企业。仟寻是招聘领域的Airbnb。\r\n       仟寻目前已经完成两轮融资，融资总额超过700万美元，投资方主要为世界上最大的在线人力资源集团和日本最大互联网公司Recruit Holdings。Recruit Holdings同时也是前程无忧的控股股东和58同城的投资人。其他投资人包括英诺天使（美团网天使投资人）、正和岛联合投资基金和Infinity Venture Partners （36氪投资人） 。 \r\n       仟寻与小红书、映客等企业同为腾讯创业营二期成员。仟寻是创投界的奥斯卡：《红鲱鱼》杂志2016全球100强得主。。\r\n仟寻的客户包括中国十大互联网公司中的6家，以及Wal-mart, GE, Disney, Bosch, L’Oreal, Cisco, GM等数百家世界500强企业。仟寻目前接近盈亏平衡。预计2017年完成B轮融资。\r\n       点击这里查看仟寻创始人的故事：http://qianbidao.baijia.baidu.com/article/687060.\r\n仟寻是日本最大互联网公司Recruit Holdings在华战略投资企业。仟寻是招聘领域的Airbnb。\r\n       仟寻目前已经完成两轮融资，融资总额超过700万美元，投资方主要为世界上最大的在线人力资源集团和日本最大互联网公司Recruit Holdings。Recruit Holdings同时也是前程无忧的控股股东和58同城的投资人。其他投资人包括英诺天使（美团网天使投资人）、正和岛联合投资基金和Infinity Venture Partners （36氪投资人） 。 \r\n       仟寻与小红书、映客等企业同为腾讯创业营二期成员。仟寻是创投界的奥斯卡：《红鲱鱼》杂志2016全球100强得主。。\r\n仟寻的客户包括中国十大互联网公司中的6家，以及Wal-mart, GE, Disney, Bosch, L’Oreal, Cisco, GM等数百家世界500强企业。仟寻目前接近盈亏平衡。预计2017年完成B轮融资。\r\n       点击这里查看仟寻创始人的故事：http://qianbidao.baijia.baidu.com/article/687060.', '2', '上海市徐汇区乐山路33号1号楼', '3', '电子商务', 'http://www-t.dqprism.com', 'upload/logo/98d7ebc2-fcc2-4e29-9fc1-e8131c67c5f4.jpeg', '寻仟信息1', '', '{\"banner0\":\"upload/logo/72a3df46-b0d1-45e9-8dac-6bd259032fa6.jpg?imageMogr2/crop/!1279x613a0a0\"}', '0', @hr_id_mother, '0', '2015-09-08 10:43:25', '2018-10-18 20:52:45', '0', '企业口号', '', '1');

-- company_conf
REPLACE INTO `hrdb`.`hr_company_conf` (`company_id`, `theme_id`, `hb_throttle`, `app_reply`, `create_time`, `update_time`, `employee_binding`, `recommend_presentee`, `recommend_success`, `forward_message`, `application_count_limit`, `school_application_count_limit`, `job_custom_title`, `search_seq`, `search_img`, `job_occupation`, `teamname_custom`, `application_time`, `newjd_status`, `hr_chat`, `show_in_qx`, `employee_slug`, `display_locale`, `talentpool_status`, `veryeast_switch`, `job51_salary_discuss`) VALUES (@company_id, '4', '10', '你已申请该职位哦', '2016-08-04 11:57:59', '2018-10-30 10:44:03', '员工认证', '恭喜你员工推荐成功啦~喜闻乐见！获得积分：{recom_reward}；您的总积分为：{current_reward}。', '评价成功！您在本公司活动中获得的红包总金额已达：{recom_hb}元。', '多个朋友多条路，多推荐，多拿钱！', '200', '200', '职位职位', '1#9#3#5', 'upload/logo/5352c9d2-1c4e-4af9-bccc-2939d2b1bcac.jpg?imageMogr2/crop/!205x361a4a137', '职位职能名称', 'Team', '2017-03-30 14:09:16', '2', '2', '1', '仟寻', '', '2', '1', '0');


-- hr_company_account
REPLACE INTO `hrdb`.`hr_company_account` (`company_id`, `account_id`) VALUES (@company_id, @hr_id_mother);
REPLACE INTO `hrdb`.`hr_company_account` (`company_id`, `account_id`) VALUES (@company_id, @hr_id_child);

-- 创建母公司团队
replace into hrdb.hr_team (`company_id`, `id`) values (@company_id, @team_id_mother);


-- 创建母账号
REPLACE INTO `userdb`.`user_hr_account` (`id`, `company_id`, `mobile`, `email`, `wxuser_id`, `password`, `username`, `account_type`, `activation`, `disable`, `register_time`, `register_ip`, `last_login_time`, `last_login_ip`, `login_count`, `source`, `create_time`, `update_time`, `headimgurl`, `leave_to_mobot`, `remark_name`) VALUES ( @hr_id_mother , @company_id, @hr_id_mother_mobile, '1@moseeker.com', '1', '1fb586718403e6b398655502d2114f5ac27badd1', 'testCC', '0', '1', '1', '2016-07-20 14:31:05', '182.92.169.77', '2018-10-30 14:20:10', '101.81.226.48', '4993', '1', '2016-07-20 14:31:05', '2018-09-20 15:21:51', 'upload/hravatar/41db022e-71ce-4926-930e-6fca69a39852.png?imageMogr2/crop/!130x130a3a0', '0', '');


-- 创建子账号
REPLACE INTO `userdb`.`user_hr_account` (`id`, `company_id`, `mobile`, `email`, `wxuser_id`, `password`, `username`, `account_type`, `activation`, `disable`, `register_time`, `register_ip`, `last_login_time`, `last_login_ip`, `login_count`, `source`, `create_time`, `update_time`, `leave_to_mobot`, `remark_name`) VALUES (@hr_id_child, @company_id,  @hr_id_child_mobile , '2@moseeker.com', '7434', '1fb586718403e6b398655502d2114f5ac27badd1', '仟寻2号', '1', '1', '1', '2017-07-14 16:30:20', '', '2018-10-30 15:15:34', '101.81.226.48', '78', '1', '2017-07-14 16:31:26', '2018-10-18 14:04:33', '1', 'das sda');


-- 创建超级账号申请
INSERT INTO `hrdb`.`hr_superaccount_apply` (`id`, `company_id`, `licence`, `create_time`, `update_time`, `operate`, `status`, `message`, `child_company_id`, `migrate_time`, 
`account_limit`) VALUES (1, @company_id, '/9j/4AAQSkZJRgABAQAAAQABAAD/2wBDAAoHBwgHBgoICAgLCgoLDhgQDg0NDh0VFhEYIx8lJCIfIiEmKzcvJik0KSEiMEExNDk7Pj4+JS5ESUM8SDc9Pjv/2wBDAQoLCw4NDhwQEBw7KCIoOzs7Ozs7Ozs7Ozs7Ozs7Ozs7Ozs7Ozs7Ozs7Ozs7Ozs7Ozs7Ozs7Ozs7Ozs7Ozs7Ozv/wAARCALZA+IDASIAAhEBAxEB/8QAHAABAAMBAQEBAQAAAAAAAAAAAAIDBAEFBgcI/8QAShAAAQMCAQgGCQIEBQEIAgMAAAECAwQREgUTFCExUpLRQVFTYYGRBiIyM2Jxk7HSFaEjNHKCByRCVMEWJUNVlKKy4fBkwoTU4v/EABkBAQEBAQEBAAAAAAAAAAAAAAABAgMEBf/EACsRAQACAQIGAgEEAgMAAAAAAAABEQIhUQMSEzFB8DJh0QQigaGx8ULB4f/aAAwDAQACEQMRAD8A/SKmorKilmgSlgbnY3MxaQq2ulr+wTW+FcKoi21KqXLdCrtyn+q78RoVduU/1XfiB5EOT8oU+S3QQ11MlVJK+SSZ9K5WLicqqiMziKm3eUs/TLw0VO+dVgpUbdiNtnHNthVV6kVL267fI9PQq7cp/qu/EaFXblP9V34gY9ERayeoV62mhZErU1KmFXLe/wDd+x59JkHMTNmmnjc9s2cwwxLGxURiNY2yuXUlkXbt6th7mhV25T/Vd+I0Ku3Kf6rvxA+frPRyaqpY4IsrT0mCmfTuWGKNc4jrbcaO1atiWXvNL8l1M2UYZZamnWlhsqRNplSRyo1W2c/GqK31lW2FOfr6FXblP9V34jQq7cp/qu/ERoPCmyDK5rkhq2NWRz0kWSFX2jc9Xuayzkwqt0S639lNRZU5Mr2KiZKr4aRqzOme2andKiqu1Es9lkVcSqi31rdLHs6FXblP9V34jQq7cp/qu/EDwaPJ2X4Khr6jLNJPG1HJg0KRq61VdueXuTWi6k71UuZkON9pKmd7pm3wOg/gtiVVuuBGr0rrW6rfp1aj2NCrtyn+q78RoVduU/1XfiBko6d9LTNhfKkqtvZ2BGKqd6Jqv8kT5EqpjpKSaNiXc6NyInWtjToVduU/1XfiNCrtyn+q78SxNTaTFxT5qCkyzTNa2FmFGSZxuti2da1/IlFQ5TdUUufjvHA5ET1m+q2916T6PQq7cp/qu/EaFXblP9V34nsn9bnP/GHnj9NjHmWDKGTmZQZF/Hlp5YX44pocOJjrKi2xIqLqVUsqLtM+RKGagbWsmV785VOkY+RyK56K1utbbNaLq1fI9fQq7cp/qu/EaFXblP8AVd+J4oeiYulYLNCrtyn+q78RoVduU/1XfiFVgs0Ku3Kf6rvxGhV25T/Vd+IFYLNCrtyn+q78RoVduU/1XfiBWCzQq7cp/qu/EaFXblP9V34gVgs0Ku3Kf6rvxGhV25T/AFXfiBWCzQq7cp/qu/EaFXblP9V34gVgs0Ku3Kf6rvxGhV25T/Vd+IFYLNCrtyn+q78RoVduU/1XfiBWCzQq7cp/qu/EaFXblP8AVd+IFYLNCrtyn+q78RoVduU/1XfiBWCzQq7cp/qu/EaFXblP9V34gVgs0Ku3Kf6rvxGhV25T/Vd+IFYLNCrtyn+q78RoVduU/wBV34gVgs0Ku3Kf6rvxGhV25T/Vd+IFYLNCrtyn+q78RoVduU/1XfiBWCzQq7cp/qu/EaFXblP9V34gVgs0Ku3Kf6rvxGhV25T/AFXfiBWCzQq7cp/qu/EaFXblP9V34gVgs0Ku3Kf6rvxGhV25T/Vd+IFYLNCrtyn+q78RoVduU/1XfiBWCzQq7cp/qu/EaFXblP8AVd+IFYLNCrtyn+q78RoVduU/1XfiBWCzQq7cp/qu/EaFXblP9V34gVgs0Ku3Kf6rvxGhV25T/Vd+IFYLNCrtyn+q78RoVduU/wBV34gVgs0Ku3Kf6rvxGhV25T/Vd+IFYLNCrtyn+q78RoVduU/1XfiBWCzQq7cp/qu/EaFXblP9V34gVgs0Ku3Kf6rvxGhV25T/AFXfiBWCzQq7cp/qu/EaFXblP9V34gVgs0Ku3Kf6rvxGhV25T/Vd+IFYLNCrtyn+q78RoVduU/1XfiBWCzQq7cp/qu/EaFXblP8AVd+IFYLNCrtyn+q78RoVduU/1XfiBWCzQq7cp/qu/EaFXblP9V34gVgs0Ku3Kf6rvxGhV25T/Vd+IFYLNCrtyn+q78RoVduU/wBV34gVgs0Ku3Kf6rvxGhV25T/Vd+IFYLNCrtyn+q78RoVduU/1XfiBWCzQq7cp/qu/EaFXblP9V34gVgs0Ku3Kf6rvxGhV25T/AFXfiBWCzQq7cp/qu/EaFXblP9V34gVgs0Ku3Kf6rvxGhV25T/Vd+IFYLNCrtyn+q78RoVduU/1XfiBWCzQq7cp/qu/EaFXblP8AVd+IFYLNCrtyn+q78RoVduU/1XfiBWCzQq7cp/qu/EaFXblP9V34gVgs0Ku3Kf6rvxGhV25T/Vd+IFYLNCrtyn+q78RoVduU/wBV34gVgs0Ku3Kf6rvxGhV25T/Vd+IFYLNCrtyn+q78RoVduU/1XfiBWCzQq7cp/qu/EaFXblP9V34gVgs0Ku3Kf6rvxGhV25T/AFXfiBWCzQq7cp/qu/EAesAAAKaipipWNfM5URzkamFquVVXosiXKVypTdGcVUkZGrVjVqorl1anWNRhlOsQk5RHeWwFefi0jMI9FlRuJW9SFH6lTY3tbnnqxytcrIJHIiptS6JYRjlPaCZiO7WDNFXwSzJC3ONkciqiPhey6Jt2ohY2ohfO+BJEzrERXM6bL0icco7wRMStBiblWkcjHI6XC9yNa9YHo1VVbJrtYunrIaaRkcivV70VWtZG56qibdiL1l5Mrqk5sd14MKZYonIxWumVJFsxUp5PWXu9XXsU009TFVRq+FyqiOVq3arVRU2pZdZJwyx7wRljPaVoAMtAAAAAAAAAAAAAAAAAAAAAAAAAAAAAAAAAAAAAAAAAAAAAAAAAAAAAAAAAAAAAAAAAAAAAAAAAAAAAAAAAAAAAAAAAAAAAAAAAAAAAAAAAAAAAAAAAAAAAAAAAAAAAAeJlz0wyH6PLgyhWtSa10hjRXv8AJNnjYr9K8uLkqmgpad+Csr3OjhdZFViIl1fZerV4qh+bu9AXVcr556+Z8j1Vz3vRHKq9KqqqZmZ7Q1ER5fXR/wCLno2+bA6Kvjbf23Qpb9nKv7H1eSss5Oy3TaRk2rjqI+nDqVvcqLrTxPyD/oaiVURuWoVv3s/I9jI3ojlDINfHXUOVFjkYvrMWJcMjelrrO1opInLZZjHd+qgqp5m1FOyVuxyXt1KWm2AAAAAAAAAAAAVK9yOXWcxu6zn1Ia5ZXAozy9a8IJ1sTkleADqy87LKqkVMqal0ln/J40ck742vREkc59KrnPeqKq21dC//AHrPoMoRSVFOkMUbXOe62N1rR/F8+owSZLqKeFIqZGTNbNG9mNbORGrsVba0TVbp1ns4OeMY1LhxMZmbjaVmTHzJTulbRtXE52cXP4pXORba7tROjrTUUU6zpNUsiSvaudV72sSCzVdrtdVW6+Jvp6WeCpWTHHgm9aZiIqIj+tvz6fM7U0FPJeRtBSzSuXWsrUS/jhUxz480/fvmV5ZplYyqbWx1L4a6XNsc1GvzHTbpa5Oo7PJUPlrInK3HFC1zZIYvXRrlW6a3fCTp8m4K9lStLS0yRsVEbBrxKvSq4U6PuRqaWtblJauBVexyMbmmuRt7X1uVejXsQ1zRM+O3/ZETEWolqIP0iFuh1bKdMGaex0auvdMNkxLdb9xLKzFp2QTy1Cusuba9UVr7rrW7mvYltRyPJVXTytqUWGbC5XpTXVrGKvS1dev5p09BZlNtZWQwMjo5muZI2Ry426tS6tT0W+vrQ1E4xnFTp7uzMTyzcPFjc1kq/wAdiRsssSJUJ6i67qiZ/Vt618D6DIzU0FJWuRWSqr09VyLddt1Vzr+Zh0XKHZ1PG7/+wb8jsmgyfHTzwPifE2yq5Wqjta7LKv7l4+cZYaSzwsZjLWG8AHheoAAAAAAAAAAAAAAAAAAAAAAAAAAAAAAAAAAAAAAAAAAAAAAAAAAAAAAAAAAAAAAAAAAAAAAAAAAAAAAAAAAAAAAAAAAAAAAAAAAAAAAAAAAAAAAAAAAAAAAAAAAAAAfmnp7K9P8AEDIzFvm20+JvzVXov2Q9KGaNYnNWdPZVLKqdRp9O8hvq5KDLEDVc+heqSoia1jXp8F/ZVPJpZ41ZbC3WnUZiNZbn4w8aHJEM0CPZkyO+1JI3XT52VT7d6uVupya03T5GmiyjT06JDGxqIi6sCI5f22n2eSlinzaSJdHpbbsUxx+L0sbjW5qP5Th4c06t+QVetJKj76pbJ8sLf+bm6ZJ74o5YmNRNeONXfviQwUWKGtSFOpUf89vI3T061Dka+RUhtrjRLYvmvV3GP0/Gni43MVMaNcTDkmmLJjqmWndgmibZ7ls6FVXWt0X2um5OpjrHOnjYj3Rypb2GrbVZbXen2NMtNieksMmakRLXRLoqdSoUzZPzlQ+b/Luxol0lgx2snRrQ9LkjFNUJULnkfeOJXJG1iJi19z116v3MqY35OlmfDMsjs45z45LNat1TZiS9rJ0KboaF0UzXo6BiN2pDDgxfNbrqJtpMNFJTY748frW2YlXmJIhjY2GOhVroUgWVrfWnkbZ6+OL7GOSOnbG5c7Rrq/0yRqv7RHvMZghbHe9mo26ajPNRySwJAlR/DX2le3E5dd9t0+yluLK0SoFatDCjXNdhYjVVrkVLonWhpAMyRood7S/MhI3E22Br9ex2wsc1cS6l2kXRI9LPjR3zS55MsZmJh2iWfM//AI0Pn/8AALtGi7BnAgPN0Mvf9OnPHv8AtqBy6d/kLp3+R9R5nQcunf5C6d/kB0HLp3+Qunf5AdBy6d/kLp3+QHQcunf5C6d/kB0HLp3+Qunf5AdBy6d/kLp3+QHQcunf5C6d/kB0HLp3+Qunf5AdBy6d/kLp3+QHQcunf5C6d/kB0HLp3+Qunf5AdBy6d/kLp3+QHQcunf5C6d/kB0HLp3+Qunf5AdBy6d/kLp3+QHQcunf5C6d/kB0HLp3+Qunf5AdBy6d/kLp3+QHQcunf5C6d/kB0HLp3+Qunf5AdBy6d/kLp3+QHQcunf5C6d/kB0HLp3+Qunf5AdBy6d/kLp3+QHQcunf5C6d/kB0HLp3+Qunf5AdBy6d/kLp3+QHQcunf5C6d/kB0HLp3+Qunf5AdBy6d/kLp3+QHQcunf5C6d/kB0HLp3+Qunf5AdBy6d/kLp3+QHQcunf5C6d/kB0HLp3+Qunf5AdBy6d/kLp3+QHQcunf5C6d/kB0HLp3+Qunf5AdBy6d/kLp3+QHQcunf5C6d/kB0HLp3+Qunf5AdBy6d/kLp3+QHQcunf5C6d/kB0HLp3+Qunf5AdBy6d/kLp3+QHQcunf5C6d/kB0HLp3+Qunf5AdBy6d/kLp3+QHQcunf5C6d/kB0HLp3+Qunf5AdBy6d/kLp3+QHQcunf5C6d/kB0HLp3+Qunf5AFRFSy60PivSD/DiPKMzqnJeUJaGR2t0KqqxKvdZbt/dO4+1unf5C6d/kSYiViZjs/KG/4U5efLabK1Mkd/aR8jl8lRPufaejfoZTej1G+JKyoqJZFRz3quFEVN1vR+6n0d07/IXTv8jE8LDKKmLb6mSqGmjgurbq5drnLdVLjl07/IXTv8jWOOOEVjDEzMzcug5dO/yF07/I0joOXTv8hdO/yA6Dl07/IXTv8AIDoOXTv8hdO/yA6Dl07/ACF07/IDoOXTv8gB0AAAAAAAAAAAAAAAAAAAAAAAAAAAAAAAAAAAAAAAAAAAAAAAAAAAAAAAAAAAAAAAAAAAAAAAAAAAAAAAAAAAAAAAAAAAAAAAAAAAAAAAAAAAAAAAAAAAAAAAAAAAAAAAAAAAAAAAAAAAAAAAAAAAAAAAAAAAAAAAAAAAAAAAAAAZMo12gwtVkTpp5XYIYm7Xu+fQnSq9CGZ81dT00EqTJWPp1tWRxNS7rpdcKJru26KibVTrWxrr5qmCjkko6V1TOiWZGjmtuvWqqqJbxPKZS5Wp6WFKOnYx8b1lkWaos+Zy+0jmo1W676vW1auhLCBZW1NVVOjlyf8AqboHMRUfSaLgd9X1r+RjlmyrTpFK+fKsSZ+FipVJSKx6Oka1U/hortir1GzK+RJMqZQpqjBQuZFC9itrKbPpdVaqWbdOpddzFHkeqo2OoYaNrmzVsVS6WniZBBGjVZdEbjV17M6tqmsauPfKS5WekFU1aqqp6iGCnhnSmayojZ6y4cSvRXyR6lunSupL2J+j+W6zKFWlPJW0s6Rxq5ytZDjdbVf+HO+2td23yLq7J+UZJ51p43K2WubIqJVugxRpAjdbmXcnrImq3R1ayNJQZYpq972RNjYtO9rUkylNUsWTE2yqj0RU1X2J4oTx7ssvGg9Ma+VjJ31tDHiZriwwWRf7qpHX+aJ8j6f0eylLlXJLaqbNq9ZHtvEiI1Ua5URdTnJ0dDlTvPGZkipoVbSx0WVJ4YVwtfDXuakjLJayZ9uFb3v6tupD28jUU2T6V0L0sxzllajpFke1XKrnNVy+1ZV9rp/dbpST3eiADKgAA8morZo690eec1iSNS3q4UT1L31X/wBS9JOlyjncGcqoWNbdXKr24n61sluhCclFJLWuqEa1iNclmuW+PZddWzYlvlrOUVNUwq16sbGvsvarr4kuqourYqXLHZFK1crpZFSvgazGuBM+xPV6P9C/cnHlLMUs7pZ45pGquBrHtcqpZOpE6b9Bolp3xSPlhfUKsrrubHm9Wq3+pCKR1UlDUslVznPRyRtfhva3TbVtGlHlmlraiFyRuqolcyyuXCxMWrpvIn2QtlyhNHRxTY4lWSTDeyWRLL8dujrJOp6l08jsCuaqphvVPZqsnQ3vuVupax9JG16XfErnomdVXKt1smK+yy9ZUi1SZUnYjUz0Uiq5E1oy63X4ZF+x7J5a0s012LFOxFddrpJlVG21pdMa31/I9NuLCmJER1taIt0uSVh0AEUISucyNzmo1VRL+stk87KTISxNmidG++F2pbLtA8qjrKisfCjqh0aPRyKjMN7prS926tV/I7LV1EdPjSeRzVme1rka26tRq91tqdRPQ6iSmZTpGkLmrfPKqKqa1VLInz6esktLPJHTwrHmUidZXRuRUthVLpf/AJQ0jM+sqWZ5HV0aOjRLXkY3F6qLdEwrfX3llTlCqimjRj40bm2udjVqYr/NU6ug7+nVLZJMy5ImtX1HYvWcmFEt3bNpOqppnspVggezN4rtR2turrRyX8xomrPHlOtV6ue6BWdKMwvw67JqR9+k7NWvY+RseUUdhka1LqxEstrrfD19JfTQ1UdWx7oXKiorXOeqrZO68julE6CT6eqSWSR7bpI9HIkKNcrVRLJrfZP2GhqqybWTz1LWyVDZEVr1VqOatrKiJsalv+T1jzcnwzxOak0c90V2t2bVqIq36NfUekSVgABFAAAAAAAAAAAAAAAAAAAAAAAAAAAAAAAAAAAAAAAAAAAAAAAAAAAAAAAAAAAAAAAAAAAAAAAAAAAAAAAAAAAAAAAAAAAAAAAAAAAAAAAAAAAAAAAAAAAAAAAAAAABVNVU9Nhz88UWLZjejb+ZV+qZP/39N9ZvM1GGU6xCTlEd5agZf1TJ/wDv6b6zeY/VMn/7+m+s3mXky2Tmx3agZf1TJ/8Av6b6zeY/VMn/AO/pvrN5jky2ObHdqBl/VMn/AO/pvrN5lsNVT1OLMTxS4duB6Ot5EnDKNZhYyie0rQAZUAAAAAAAAAAAAAAAAAAAAAAAAAAAAAAAAAAAAAAAAAAAAAAAAAAAAAAAAAAAAAAAAAAAAAAAAAAAAAAAAAAAAAAAAAAAAAAAAAAAAAAAAAAAAAAAAAAAAAAAAAAAAAAAAAAAAAAAAAAAAAAAAAAAAAAABg0VvUNFb1GgCxl/ToJ3LnoWSYdmNqLY7+jUP+0g+mhqh9p/gXGozyjSJZ5YnvDz/wBGof8AaQfTQfo1D/tIPpoegC9TPc5Mdnn/AKNQ/wC0g+mg/RqH/aQfTQ9ADqZ7nJjs8/8ARqH/AGkH00Jx5Mp4b5qGOO+3C1EubQSc8p0mSMYjwy6GzqTyGhs6k8jUDNtMuhs6k8hobOpPI1AWMuhs6k8hobOpPI1AWMuhs6k8hobOpPI1AWMuhs6k8hobOpPI1AWMuhs6k8hobOpPI1AWMuhs6k8hobOpPI1AWMuhs6k8hobOpPI1AWMuhs6k8hobOpPI1AWMuhs6k8hobOpPI1AWMuhs6k8hobOpPI1AWMuhs6k8hobOpPI1AWMuhs6k8hobOpPI1AWMuhs6k8hobOpPI1AWMuhs6k8hobOpPI1AWMuhs6k8hobOpPI1AWMuhs6k8hobOpPI1AWMuhs6k8hobOpPI1AWMuhs6k8hobOpPI1AWMuhs6k8hobOpPI1AWMuhs6k8hobOpPI1AWMuhs6k8hobOpPI1AWMuhs6k8hobOpPI1AWMuhs6k8hobOpPI1AWMuhs6k8hobOpPI1AWMuhs6k8hobOpPI1AWMuhs6k8hobOpPI1AWMuhs6k8hobOpPI1AWMuhs6k8hobOpPI1AWMuhs6k8hobOpPI1AWMuhs6k8hobOpPI1AWMuhs6k8hobOpPI1AWMuhs6k8hobOpPI1AWMuhs6k8hobOpPI1AWMuhs6k8hobOpPI1AWMuhs6k8hobOpPI1AWMuhs6k8hobOpPI1AWMuhs6k8hobOpPI1AWMuhs6k8hobOpPI1AWMuhs6k8hobOpPI1AWMuhs6k8hobOpPI1AWMuhs6k8hobOpPI1AWMuhs6k8hobOpPI1AWMuhs6k8hobOpPI1AWMuhs6k8hobOpPI1AWMuhs6k8hobOpPI1AWMuhs6k8iMtI1I1VENhXN7pfD7lGRKVttg0VvUaE2AljPoreoaK3qNAFjPoreoaK3qNAFjPoreoaK3qNAFjPoreoaK3qNAFjPoreoaK3qNAFjPoreoaK3qNAFjPoreoaK3qNAFjPoreoaK3qNAFjPoreoaK3qNAFjPoreoGgCwAAHYfaf4FxTD7T/AALgAAAAAAAAAAAAAAAfJV+WqmWrrdGrcowJA9kcUMVA5UkWyK5LrE6yrfV52soH1oPncnZYbFXVcdTWZQmgjhZIjqqiWNWL62K6pG3oRLX29FzbFNlCqpZ351tLUTpjpYJETExqW9pNuu+vquibSzFJb1QePNlCeso0Smhr46hj8M0dPmUkiW2xc76qovQqXuZWtys5yI6TLsSLte9KBWt71sir5IRX0QPAyblHKFTFRq17JZZaBkro5mrG2Ryol3Ne1FTatlS3Vbvsoq7LcuUKuCSkolZDK1F/zbrsRWotk/het426izFTSW9sHyknpFDHlZXL6QQpElW6JYFkhwIxIlW97Yvb1Xv3Esh5ebLUIyXLCV7n0TJs03NK9JNeJrUYiKq2TYt1FLOnv3T6kHz78oZWdXSsSaOmkVjXR0b6N0zrdaPa9qKt9S9CW6tasqZSynkvIbairnhjqbqr1ho5JGIl9SalXCuvauog+gM7q6lZWNpHVEaTvRVbGrta/wD254sGVcovkikpkZVUkrcEL6tXQPmfZXq5EbEuq2pNmxdt0U9SjhbWNpspVVGtPWLH7KvVVjRf9PR169XQnUhaS24AEUAOOVGtVy3siX1JcDoPErfSWnp1p83DV/xJ2sdnKCdNS3va7Uuvd+xpflljqSeampKyV8LMWbfSyxq/uTE3WvyuB6QPI/X49MRujV2j5u6v/Tqi+K+z2OruJTZYc2ko3NizNTWzJHFFMioqJfWqotl1NRV8kBb1QePJX5Y/UWUKUtFG58bpGvWd70s1zU1phbr9YyZcy/UZMrWwR1VGy8aOc2RIrouvfnjX9vED6MHy+RfSSqyhliOjklpJY3xvcqxJHdFS1vYnk6+lEPqC0lgAIoAAAAAAAAAAAAAAAAAAAAAAAAAAAAAAAAAAAAAAAAAAAAAAAAAAAAAAAAAAAAAAAAAAAAAAAAAAAAAAAAVze6Xw+5YVze6Xw+4EE2AJsAAAAAAAAAAAAAAAAAAAAAAAAAAAAAAB2H2n+BcUw+0/wLgAAAAAAAAAAAAAAeDXZIyisNckFVA5lRIsyM0VXSI6yWs7OtS6YUsurYe8APDyPFljTqqtyg2NjZGMa2LMo17sN9eqV6ImtenX3dMYosqVKVNQ6gWCqnTAiy1KMWJieyjVYj/mvWq9SIe8AlPGrsn12Vchx0tS2mbUpKxZM43HE9GvRVXD0oqJe2rba5kiyNNkmtSthoqadywvhzWTqNlP7StW7lfLrth/c+kAV4FLR1lNRQQVVE+rggoY4FpmOYqSvX21VHKiKiYU29amWhydFS5SqKlPRBzUdIx0CtZS3is1EW3r6taKuo+pBb1tKfPT0mUs4x0VE50rqmWpVyvYjG3jexjV13v7N7JbbrLqDJ8rax8ctPNFTw0kdM2RZEasmFV1twOuibNtlPbAtZ19+7fMRZCkR0yy+juSKlXTyubLUy/xHNV6q2/8J3Rbp2dWwtZkap/RJabRoqdyTvkZTQORY9btVlsmpNuxD6ICydXgS5HV+UmsfSvlhlldJNL6jY0Ysb2JGiYsX+q+zaqrc9ijgkpqSOCWdZ3Rtw5xyWVydF++xeCWAAAHHKjWq5b2RL6kudAHiz0c+XXtlmZJSQQetTNenrrJ0SKnRboRdetb22E6ipqKjJVZBUZNR9THCq5p8echmW2q3Wir0LZT1wPo+3xS0VGrbaDQJdOj0WqOZ6MVGk1Lkh2hyKtPM2FHyRK1yxNa5MStVLtRV6F7j6QFtKfPyejuSv16C2RaPR9GkxWpW4MWJlr6rXtf9zVPk+tjmjbS19ZHTKuHNwpTokKdCIjo1unjf5nrAXor5zJtLU1WW5apcoZSfBDGxI1qaZkeJbuxtRHRoqJbDdW2v1rZLfRgAAAQAAAAAAAAAAAAAAAAAAAAAAAAAAAAAAAAAAAAAAAAAAAAAAAAAAAAAAAAAAAAAAAAAAAAAAAAAAAAAAAACub3S+H3LCub3S+H3AgmwBNgAAAAAAAAAAAAAAAAAAAAAAAAAAAAAAOw+0/wLimH2n+BcAAAAAAAAAAAAAAAAAAAAAAAAAAAAAAAAAAAAAAAAAAAAAAAAAAAAAAAAAAAAAAAAAAAAAAAAAAAAAAAAAAAAAAAAAAAAAAAAAAAAAAAAAAAAAAAAAAAAAAAAAAAAAAAAAAAArm90vh9ywrm90vh9wIJsATYAAAAAAAAAAAAAAAAAAAAAAAAAAAAAADsPtP8C4ph9p/gXAAAAAAAAAAAAAAAAAAAABnrqxlBRSVUjHvbGnssRFc5b2REvbXdTzX+kbo21Dn5Gr0SlS8yYoLsS172zl11dQHtAxVWVIKWdtPm55Z3sxtjiic5bbNa7E8VQrblmGWV0VPTVc72PwPwwqjWqi2VMTrNW3cqgeiDwq30soaGumo5I3K+FURyrUQR3uiLqR8jV6eonk30pocp1mixMcxyRukVyzwvaiJa98D3W29IHtAwfqjpIGT0mT6qrjeqojo1jbdE/wBXrubdF6F6fI0Us8lRGr5aSalVFtgmViqvf6rnJ+4F4MNPlaCpkhjYyRFmWVG3RNWbdhdfX17BLTVzsrxVDKtW0jWK18Or1lXp2dyea602KG4AAAAABU+ohinjhe9GyS3wIv8AqttRO/u+YWoiSqSlx/xVYsiNsvsoqJe/zVALQYKnLmSqOqWlqso00EyNRysllRurxIwekGRqmXMw5UpHyq/AjM81HOdssiX1+A7j0QZJ8qUlPE6R73qjZc0qRxPe7H1IjUVV8CVNX09XTOqYnOSNiqjs5G5itVNt0ciKnkBpBQlbTro9nr/mdcSYVu7VfZ0auslPURUsaSTPwtVzWItlW6uVERNXeqAWgobWU7p2wNla6RyPVEbr9lUR2vrRVTUXgAAAAAAAAAAAAAAAAAAAAAAAAAAAAAAAAAAAAAAAAAAAAAAAAAAAAAAAAAAAAAAAAAAAAAAAAAAAAAAAACub3S+H3LCub3S+H3AgmwBNgAAAAAAAAAAAAAAAAAAAAAAAAAAAAAAOw+0/wLimH2n+BcAAAAAAAAAAAAAAAAAAAHjektMyooYUe2pcxtRGr0p1kvhRyKq2j1rqTw2nz+UG0LKXKTnMyyqOjRIZX6ampf8AQ7Fqsi3XXq9Y+5Ms2TaCoqW1U9DTyzsthlfE1z222WVUuhY0SdXzeU6Ooqqpzcktnc6HJ/qukrpoJGK5zlbe+ty6tj1QlRJWOkpZYMp1MEGUK2ZUYxkSpgs9yORXMVdeFF27FPqViiXHeNi5xLP9VPW6NfWcWGJVjVYmfwvd+qnqaraurVqETRMX79U+NyrNNLPVOp5ahrFnkeqxyYWORGsjuq56NdTmqia1+RV6J1Es8WiNkfKr6VI2sncr4UcjWrrTPP6FTUjWp0atifauo6VyIjqaJURLIisTUl7/AH1kWUNHHVLVMpIG1Dm4VlbGiPVOq+22pBE1FExcvKyZkyKryZHPVT1Tp3q9ZJIqqWJHuxKl1RrkToRO5ERCqjyfLL6NUlVTSTzVuCKoas1Q+TE9Euqeuqo3Eiqmq209mfJ9FUwJT1FHBNC12JI5Imuai9dlS19a+ZyoybQVcUcNTRU88cXsMkia5G/JFTULV83HpSx0jaNv+Ycta1iqqJhVZbX8NvgfU0tOykpIqaO+CJiMbfbZEsYv+nch/wDguT//ACrORugp4KWFsFPDHDE32WRtRrU+SIEWAAigAA8nLCTMqqB7Kp8bH1CRujwMVvsuXFdzVVFS3WYkoaiT0giwZcrXI6jc5sqNgVVTG3Un8O1vA9qsoKTKDGR1kDJ2Rvxox+tt7KmtNi7ekmlLClQ2oSNEkbHm2qi7G3RbW2dCCNPfpJ19+3xfpHU0tNlmJrK6NXNYjXq2oaxyS68TnI2eKyq211VLdGoh6O1tIzLKsdUxOi0V0WaWoR2cVVbhY1q1EuLVi1Ja1+8+2dRwPqm1T2K6ViWYrnKqN70beyLrXXa5NkEbJpJmts+W2Nb7bbCxNQs93yOR6FaOeJq0tJC+bKKrhhjRrmWa5ytW2pWoi2TZ+5qyg6mlyXWUUzqTHNVyORlU7CxzUemKzrLZddk1Xup78dBSxVS1TIkSZcXrKqrtte3VeyeRyHJtJT1ktXFGqTS3xKr3Kmu17Iq2S9kvZEvYkePdvwnv+fy+MhSgXI0VVNkqkzzpGNZEynRzHMR2KRzWrG1L4EW6pfYms9iXJkVC7Jf6c5qUmkulbHG1v8R7mPVF1WSyJayJb9j2qbJlHSS56GBGyYEYjlVXKjepFXYh2LJtHAxjIoEYyOVZWNaqojXLe6oniurZrLavlWUOYynSRLkvLSuzEzn2r2sc9yuYquTDNZqXVVVEtrVNS21fYxKqwsVWOYqtT1Xqiub3KqKuvxU46CJ1QyoVt5Y2uY1111I5UVf/AGp5FgvQAAQAAAAAAAAAAAAAAAAAAAAAAAAAAAAAAAAAAAAAAAAAAAAAAAAAAAAAAAAAAAAAAAAAAAAAAAAAAAAAArm90vh9ywrm90vh9wIJsATYAAAAAAAAAAAAAAAAAAAAAAAAAAAAAADsPtP8C4ph9p/gXAAAAAAAAAAAAAAAAAAAAAAAAAAAAAAAAAAAAAAAAAAAAAAAAAAAAAAAAAAAAAAAAAAAAAAAAAAAAAAAAAAAAAAAAAAAAAAAAAAAAAAAAAAAAAAAAAAAAAAAAAAAAAAAAAAAAK5vdL4fcsK5vdL4fcCCbAE2AAAAAAAAAAAAAAAAAAAAAAAAAAAAAAA7D7T/AALimH2n+BcAAAAAAAAAAAAAAAAAAAAAAAAAAAAAAADDLlNI8rxZO0eRVkYrs6iphTqTb3O79WpF12DcAAKpJVa7C1uJbXW62RDmdk7NvGvI4/8AmHf0J91AHc7J2beNeQzsnZt415HAB3Oydm3jXkM7J2beNeRwAdzsnZt415DOydm3jXkcAHc7J2beNeQzsnZt415HAB3Oydm3jXkM7J2beNeRwAdzsnZt415DOydm3jXkcAHc7J2beNeQzsnZt415HAB3Oydm3jXkM7J2beNeRwAdzsnZt415DOydm3jXkcAHc7J2beNeQzsnZt415HAB3Oydm3jXkM7J2beNeRwAdzsnZt415DOydm3jXkcAHc7J2beNeQzsnZt415HAB3Oydm3jXkM7J2beNeRwAdzsnZt415DOydm3jXkcAHc7J2beNeQzsnZt415HAB3Oydm3jXkM7J2beNeRwAdzsnZt415DOydm3jXkcAHc7J2beNeQzsnZt415HAB3Oydm3jXkM7J2beNeRwAdzsnZt415DOydm3jXkcAHc7J2beNeQzsnZt415HAB3Oydm3jXkM7J2beNeRwAdzsnZt415DOydm3jXkcAHc7J2beNeQzsnZt415HAB3Oydm3jXkM7J2beNeRwAdzsnZt415DOydm3jXkcAHc7J2beNeQzsnZt415HAB3Oydm3jXkM7J2beNeRwAdzsnZt4/8A4LGPSRiOTVfoKiUHuv7nfdQLQAAAAAAAAAAAAArm90vh9ywrm90vh9wIJsATYAAAAAAAAAAAAAAAAAAAAAAAAAAAAAADsPtP8C4ph9p/gXAAAAAAAAAAAAAAAAAAAB43pRpD8lJTwQxSpUyxwvSSRW6nORLamre+u/UnXsPnazJSNp8rK3IOR482yzmpJ60S4faYuZTUqWtr2ovefZ1lFBXwpFUI9Wtcj0Vkjo3IqbFRWqinjV3oolVK5Iq6aKGRqNkR89RI9yIt/aWW3T0tWxcdEn6aK1KqeNv6g2KloYGZ2pWOXHnVTWjEWyLh1Iq6kvs6yy0zaxK+iZiWZjNKpHuRr29Tk12RyJqVF2om3VrnW5MnqEpYoKtsdPAqOdHKx0qyKns3crkXUuvXfWdjyVIzKLK5coTySIisc1zWI1zN31Wou3Wiqq219ageDWU9K+vqc7Dk2eVj7SuT0dmmVFsi63tcqKtlQQ09PRVENZTaJEkuTZ5UmoaLM3ZeNUXCqrdbXtdenYe47ING+oqJ3S1iOqH43pHVyxtvZE1IxyJ0fMztyBKrVjkqokiZSPpKdkULm5tjrbVc92JUwp1dI7R7svnV87VxMpI3UzHVElOxEfUNWorFaxtsSJdrHtb/AKXKt7prS9i+q0qLIdVG6F76innSJ6rlWd2NcLXIrbpr1OW6LZNVz0630Npq+aeWepXFLG1iWp4nK2zUbte1zk2X1Kn/ACbGZCc6mqW1NRHJUVEmNZWRK1rPVa3U1XL0NTp6VLcM7PHY50MyTLUSZNktmnU1IjXNp2ox0mvFEt3KqKq4UTUqbdSr9Nk5JkydT6RUtqZVjRXzNRER69aWREsZ1yUqZQinjkjZAyR0zo82qvfI5qtVVertll2W6E1mympoaOnbT07METNTWoqqiEtfK0AEVQ/+Yd/Qn3UB/wDMO/oT7qAPAy/X5Wo8lzy6NSxsRzUbIysfj9pLas3/AM9Z6DJ8qPY9ZqWliZm1Vr4al8q3tq9XNpc62imqKtKiuexzYlVYYI74W9GJVX2nWXqREv4ilpKmjctPHIx9HZc3iuj4upqdDk6tip3jweXiJlvK2Kmc+ic5YUVJLR1aJKtrXVEp9WvWX1GWKr9CWZV/jVcyxRZlHfwWq5Gqqq5rVTDr2omuyEYsj5TZCxkkWee1qI6T9cqm4167I3VfqNUeSqxclS0jkhiRZWOjjSZ8qNRHI5yq9yI5yqt11p1GppOzFX12br6aFuUMsJFJK5j2JRv1IjHWwrmru1onSvX3l+U4qqqpqRcnx172taqK5VfG7+5FmiW+rpRfDp9WrpJJ6yimYrUbTyue9FXWqKxzdXipTlDIlDXvSZ9JSLPiRVklpmSK5E6Ful7fJUIPApYcqwZYoWypWMR0qq9rpXLdiIt1VNJk1XVP9PSmtD7A8GP0apHZWSeXI+TIqaKN7GNjYjlkVVaqOVMCIioiL17VPeHg8gAIoAAAAAAAAAAAAAAAAAAAAAAAAAAAAAAAAAAAAAAAAAAAAAAAAAAAAAAAAAAAAAAAASg91/c77qRJQe6/ud91AtAAAAAAAAAAAAACub3S+H3LCub3S+H3AgmwBNgAAAAAAAAAAAAAAAAAAAAAAAAAAAAAAOw+0/wLimH2n+BcAAAAAAAAAAAAAAAAAAAAAAAAAAAAAAAAAAAGeVUZNictkVqIirs6eZzOx9o3iQ0gDNnY+0bxIM7H2jeJDSAM2dj7RvEgzsfaN4kNIAzZ2PtG8SDOx9o3iQ0gDNnY+0bxIM7H2jeJDSAM2dj7RvEgzsfaN4kNIAzZ2PtG8SDOx9o3iQ0gDNnY+0bxIM7H2jeJDSAM2dj7RvEgzsfaN4kNIAzZ2PtG8SDOx9o3iQ0gDNnY+0bxIM7H2jeJDSAM2dj7RvEgzsfaN4kNIAzZ2PtG8SDOx9o3iQ0gDNnY+0bxIM7H2jeJDSAM2dj7RvEgzsfaN4kNIAzZ2PtG8SDOx9o3iQ0gDNnY+0bxIM7H2jeJDSAM2dj7RvEgzsfaN4kNIAzZ2PtG8SDOx9o3iQ0gDNnY+0bxIM7H2jeJDSAM2dj7RvEgzsfaN4kNIAzZ2PtG8SDOx9o3iQ0gDNnY+0bxIM7H2jeJDSAM2dj7RvEgzsfaN4kNIAzZ2PtG8SDOx9o3iQ0gDNnY+0bxIM7H2jeJDSAM2dj7RvEgzsfaN4kNIAzZ2PtG8SDOx9o3iQ0gDNnY+0bxIM7H2jeJDSAM2dj7RvEgzsfaN4kNIAy52PtG+ZdAipEl0tdVXzUsAAAAAAAAAAAAAAAK5vdL4fcsK5vdL4fcCCbAE2AAAAAAAAAAAAAAAAAAAAAAAAAAAAAAA7D7T/AuKYfaf4FwAAAAAAAAAAAAAAAAAAAAAAAAAAAAAAAAAAAAAAAAAAAAAAAAAAAAAAAAAAAAAAAAAAAAAAAAAAAAAAAAAAAAAAAAAAAAAAAAAAAAAAAAAAAAAAAAAAAAAAAAAAAAAAAAAAACub3S+H3LCub3S+H3AgmwBNgAAAAAAAAAAAAAAAAAAAAAAAAAAAAAAOw+0/wLimH2n+BcAAAAAAAAAAAAAAAAAAAAAAAAAAAAAAAAAAAAAAAAAAAAAAAAAAAAAAAAAAAAAAAAAAAAAAAAAAAAAAAAAAAAAAAAAAAAAAAAAAAAAAAAAAAAAAAAAAAAAAAAAAAAAAAAAAAArm90vh9ywrm90vh9wIJsATYAAAAAAAAAAAAAAAAAAAAAAAAAAAAAADsPtP8AAuKYfaf4FwAAAAAAAAAAAAAAAAAAAADy8oZTrIKt1NQ0MdU+ODPPxzrGtr2RERGuuq2Xq2AeoDyqDKlXU1cMU9LTsjngdNHJDUOkuiK1LKisbb2v2LK7Ky08+j0lK+tnb60scbkTNs61XrXobtX5ay0PRBRFW0s9M2pZOxYnKiI5Vtrvay32LfVbbfUY1yx/mVhzGysSlvj62Y8WzwsT6Pt6YPOyhlqnoMz6ks+clzd4YnyI3XZdbWrrRejaedL6S1bYp546CnWKLOqiPqXtkc2N2Fy4c3ZF2alXpERfYnR9EDxqr0moaSumpFkhkkhiR6tbURtde63bZyoiWRLrddhkyV6ZQZVq4KaOjcj5o0euGqgdhVdupH31fK/cIiydH0gAAzyoj5sLkuiNRURdnTyOZqPs28KEn/zDv6E+6gCOaj7NvCgzUfZt4UOuc1jFe9yNa1LqqrZEQoZXQPnfDjRFbhs5VSzsSKqW69gF2aj7NvCgzUfZt4UKKqqmp3NSLJ9RVIqa1hdGmH543N/Yz0eVpaxWKzJNayNzlasj3Q2bZVRbokirtRdiAb81H2beFBmo+zbwoVurKdlYyjdM3SJGq9sfSrU2r+5V+qUq1i0rUndI12BVbTSOYi7bK9G4enrA05qPs28KDNR9m3hQqrauOhpH1MqOVjLXRqa1utv+S8COaj7NvCgzUfZt4UJACOaj7NvCgzUfZt4UJACOaj7NvCgzUfZt4UJACOaj7NvCgzUfZt4UJACOaj7NvCgzUfZt4UJACOaj7NvCgzUfZt4UJACOaj7NvCgzUfZt4UJACOaj7NvCgzUfZt4UJACOaj7NvCgzUfZt4UJACOaj7NvCgzUfZt4UJACOaj7NvCgzUfZt4UJACOaj7NvCgzUfZt4UJACOaj7NvCgzUfZt4UJACOaj7NvCgzUfZt4UJACOaj7NvCgzUfZt4UJACOaj7NvCgzUfZt4UJACOaj7NvCgzUfZt4UJACOaj7NvCgzUfZt4UJACOaj7NvCgzUfZt4UJACOaj7NvCgzUfZt4UJACOaj7NvCgzUfZt4UJACOaj7NvCgzUfZt4UJACOaj7NvCgzUfZt4UJACOaj7NvCgzUfZt4UJACOaj7NvCgzUfZt4UJACGaj7NvkXQKqxJdb2VU8lIEoPdf3O+6gWgAAAAAAAAAAAABXN7pfD7lhXN7pfD7gQTYAmwAAAAAAAAAAAAAAAAAAAAAAAAAAAAAAHYfaf4FxTD7T/AuAAAAAAAAAAAAAAAAAAAAfL5UyNBJlKvmkyBpKTxMRk8cdOuByYru9dyLe6p0a7H1AA+LyKuS6/LNO6nyHTMWKmXOy02jqyORVT1rseqpsW3Tr+anZMr5NZS1FNS5UyfFm8oxLArpGuTD6iq5bORXa8SqqrfbrPswavX3e2a9/inziSZIqqKtfVZZyZI+ZuCSemkSJrb+yrkxuTFdNSrr1HkNyxSoiq7KmT3VX6i16u0huBVzCJivu4uk+6BFfJTUdNX0uTqPJVYlXJCqvllhq3pGuHW5XLG6yOc5ya9qXVegxvRjGubPUNpaGZlRBn6hdaPeqvciKrvWsqI29/WW59yBexT4rKcWdrayrmqJo1qaKPNsa9rMLVcqNaqOc1FXp9pFveykMkOrf1eklrYqyNrZlSNJnuRH3arb/AMSpd1qvqtVe/WfcARNExYACKof/ADDv6E+6gP8A5h39CfdQBkylTLV07YXSNZTq5FqMX+pia1b4rZF7rnmue2vqquOkiirIalGNdIt1hYiXvdf9S9SNXbtVD2J6WnqcGfgjlwLibnGI7CvWl9haBgXJk6Na2LLFdE1rUaiIkTvNXMVVXxMOR8n1L6Brm5ZrWpnZfVayC3vHdcfSezUU1PVwrDUwRzxLtZIxHNXwUlFFHBE2KGNscbEs1jGoiInciFtKeRPTQQ+lNDJHExr5Yp1kcia3r/D2r0mVJKaKoclFU1H6i6s9amlnW+FZPXXNotsOG6o62y2s+jBI0pXjZUazLcv6TE5VhY5HVcjF9m2trEXevZe5E70NmTa1Z2rTVKo2tgS0rNl+p6dbV2/ttQ1xxRwswRRtY26rhalkuu0LFG6Vsro2rIxFRrlTW2+2ygSAAAAAAAAAAAAAAAAAAAAAAAAAAAAAAAAAAAAAAAAAAAAAAAAAAAAAAAAAAAAAAAAPPnoKmStR7KyVkLtbmo9Ut3IegCxNASg91/c77qRJQe6/ud91ILQAAAAAAAAAAAAArm90vh9ywrm90vh9wIJsATYAAAAAAAAAAAAAAAAAAAAAAAAAAAAAADsPtP8AAuKYfaf4FwAAAAAAAAAAAAAAAAAAAAAAAAAAAAAAAAAAAVSRK52JrsK2st0uinM1J2jeBeZcAKc1J2jeBeYzUnaN4F5lwApzUnaN4F5jNSdo3gXmXACnNSdo3gXmM1J2jeBeZcAKc1J2jeBeYzUnaN4F5lwApzUnaN4F5jNSdo3gXmXACnNSdo3gXmM1J2jeBeZcAKc1J2jeBeYzUnaN4F5lwApzUnaN4F5jNSdo3gXmXACnNSdo3gXmM1J2jeBeZcAKc1J2jeBeYzUnaN4F5lwApzUnaN4F5jNSdo3gXmXACnNSdo3gXmM1J2jeBeZcAKc1J2jeBeYzUnaN4F5lwApzUnaN4F5jNSdo3gXmXACnNSdo3gXmM1J2jeBeZcAKc1J2jeBeYzUnaN4F5lwApzUnaN4F5jNSdo3gXmXACnNSdo3gXmM1J2jeBeZcAKc1J2jeBeYzUnaN4F5lwApzUnaN4F5jNSdo3gXmXACnNSdo3gXmM1J2jeBeZcAKc1J2jeBeYzUnaN4F5lwApzUnaN4F5jNSdo3gXmXACnNSdo3gXmM1J2jeBeZcAKc1J2jeBeYzUnaN4F5lwApzUnaN4F5jNSdo3gXmXACnNSdo3gXmM1J2jeBeZcAKc1J2jeBeYzUnaN4F5lwApzUnaN4F5jNSdo3gXmXACnNSdo3g/wDksYxI2I1NdukkAAAAAAAAAAAAAAAVze6Xw+5YVze6Xw+4EE2AJsAAAAAAAAAAAAAAAAAAAAAAAAAAAAAAB2H2n+BcUw+0/wAC4AAAAAAAAAAAAAAAAAAAABlq8p0FA5ra2upqZXpdqTStZi+V1A1AyUuVsm10qxUeUKWokRMSshma9UTrsil8s8NO1rppWRo5yMar3Il3LsRL9KgWAFWkwYsOfjxY83bGl8Vr4fnbXYC0EHyxxqxHva1XuwsRy2xLa9k61si+QWWNJUiV7UkVquRl9aom1bdWtPMCYI5xmczeNuO2LDfXbrsGyMe5zWva5zFs5EXW1bX1+AEgABVJI9H4GW2XVV1kcc28zhXmH/zDv6E+6gBjm3mcK8xjm3mcK8wAGObeZwrzGObeZwrzAAY5t5nCvMY5t5nCvMABjm3mcK8xjm3mcK8wAGObeZwrzGObeZwrzAAY5t5nCvMY5t5nCvMABjm3mcK8xjm3mcK8wAGObeZwrzGObeZwrzAAY5t5nCvMY5t5nCvMABjm3mcK8xjm3mcK8wAGObeZwrzGObeZwrzAAY5t5nCvMY5t5nCvMABjm3mcK8xjm3mcK8wAGObeZwrzGObeZwrzAAY5t5nCvMY5t5nCvMABjm3mcK8xjm3mcK8wAGObeZwrzGObeZwrzAAY5t5nCvMY5t5nCvMABjm3mcK8xjm3mcK8wAGObeZwrzGObeZwrzAAY5t5nCvMY5t5nCvMABjm3mcK8xjm3mcK8wAGObeZwrzGObeZwrzAAY5t5nCvMY5t5nCvMABjm3mcK8xjm3mcK8wAGObeZwrzGObeZwrzAAY5t5nCvMY5t5nCvMABjm3mcK8xjm3mcK8wAGObeZwrzGObeZwrzAAY5t5nCvMsjfnGI61l2KhWSg91/c77qBaAAAAAAAAAAAAAFc3ul8PuWFc3ul8PuBBNgCbAAAAAAAAAAAAAAAAAAAAAAAAAAAAAAAdh9p/gXFMPtP8AAuAAAAAAAAAAAAAAAAAAAAfM10GU58r5SfDJSyMipWMSJ9K5yua5XKrUVJE16k1/LZtPpjFVZHyZWyrLVZOpJ5VS2ckga53mqAeRRMykuVaF36hTVLUonOa5aZ7HPYqs2qr1sq2TXbr1KQq3skZNU5Sbpb4allM6FInOjjR+HFgal3OdZ1sW3qRE1G7J3otk7JtXpbGNknRuFj3QQswddsDG6+9Ti+jjlV6/rOUP4kzZ3erBrelrL7v4U8jV6+7/AIZqa92/KMU1euTqjQpZZWwtvCtTA+KVVSy4FR7UxIqasW35rrPObWwPVa/FaBcqNluvQ3R0U95uT6pInsXLNa5zlSz1ZBdtur+HbX3opj/6bXOLJ+s5QxLNn72g9vDhv7vq1W2E8+7xK+PdmKv0yanyPV1eUJKN76lXqmGNGxXZI5t8TdqJZu3r6dZ46QVLYInLWVskz6WqSFtK1Wo1+dRE9hLo2+tcS27z7KPJUONktXI+uljW8clQ1iqz5I1qNRe+1+8zfoCNc7M5Tq4WLjRGMbCuBHLdyI5Y1da/eW6nQ9/t5mV3PhnrauPLEzUdk5z4ka6NGu1OsjVRt+9LLfvPQyc2tdlWsfHUQtgxx5xj4Vc9y5pux2JETyUsn9HKGSldBCslMr4806WPC6RY7WwXejrJboSxKlyNLSVCytyvXPxuRz2PbDZ9kRLLaNF2IialQkV2Pf8AD1AARVD/AOYd/Qn3UB/8w7+hPuoAAAAAAAAAAAAAAAAAAAAAAAAAAAAAAAAAAAAAAAAAAAAAAAAAAAAAAAAAAAAAAAAAAAAAAAAAAAAAABKD3X9zvupElB7r+533UC0AAAAAAAAAAAAAK5vdL4fcsK5vdL4fcCCbAE2AAAAAAAAAAAAAAAAAAAAAAAAAAAAAAA7D7T/AuKYfaf4FwAAAAAAAAAAAAAAAAAAAAAAAAAAAAAAAAAAAUSorZcWFVRWompL2tfmRxpuv4F5GkAZsabr+BeQxpuv4F5GkAZsabr+BeQxpuv4F5GkAZsabr+BeQxpuv4F5GkAZsabr+BeQxpuv4F5GkAZsabr+BeQxpuv4F5GkAZsabr+BeQxpuv4F5GkAZsabr+BeQxpuv4F5GkAZsabr+BeQxpuv4F5GkAZsabr+BeQxpuv4F5GkAZsabr+BeQxpuv4F5GkAZsabr+BeQxpuv4F5GkAZsabr+BeQxpuv4F5GkAZsabr+BeQxpuv4F5GkAZsabr+BeQxpuv4F5GkAZsabr+BeQxpuv4F5GkAZsabr+BeQxpuv4F5GkAZsabr+BeQxpuv4F5GkAZsabr+BeQxpuv4F5GkAZsabr+BeQxpuv4F5GkAZsabr+BeQxpuv4F5GkAZsabr+BeQxpuv4F5GkAZsabr+BeQxpuv4F5GkAZsabr+BeQxpuv4F5GkAZsabr+BeQxpuv4F5GkAZsabr+BeQxpuv4F5GkAZsabr+BeQxpuv4F5GkAZsabr+BeQxpuv4F5GkAZsabr+BeQxpuv4F5GkAZsabr+BeQxpuv4F5GkAZsfwv4FLYWq2JEcllVVW3zW5YAAAAAAAAAAAAAAAVze6Xw+5YVze6Xw+4EE2AJsAAAAAAAAAAAAAAAAAAAAAAAAAAAAAAB2H2n+BcUw+0/wLgAAAAAAAAAAAAAAAAAAAAAAAAAAAAAAAAAAAAAAAABB8jGWRy612IiXUmUP/mHf0J91Aln4/i4F5DPx/FwLyIgCWfj+LgXkM/H8XAvIiAJZ+P4uBeQz8fxcC8iIAln4/i4F5DPx/FwLyIgCWfj+LgXkM/H8XAvIiAJZ+P4uBeQz8fxcC8iIAln4/i4F5DPx/FwLyIgCWfj+LgXkM/H8XAvIiAJZ+P4uBeQz8fxcC8iIAln4/i4F5DPx/FwLyIgCWfj+LgXkM/H8XAvIiAJZ+P4uBeQz8fxcC8iIAln4/i4F5DPx/FwLyIgCWfj+LgXkM/H8XAvIiAJZ+P4uBeQz8fxcC8iIAln4/i4F5DPx/FwLyIgCWfj+LgXkM/H8XAvIiAJZ+P4uBeQz8fxcC8iIAln4/i4F5DPx/FwLyIgCWfj+LgXkM/H8XAvIiAJZ+P4uBeQz8fxcC8iIAln4/i4F5DPx/FwLyIgCWfj+LgXkM/H8XAvIiAJZ+P4uBeQz8fxcC8iIAln4/i4F5DPx/FwLyIgCWfj+LgXkM/H8XAvIiAJZ+P4uBeQz8fxcC8iIAlpEfxcC8ixFRyIqLdF6SklT+6/ud91AtAAAAAAAAAAAAACub3S+H3LCub3S+H3AgmwBNgAAAAAAAAAAAAAAAAAAAAAAAAAAAAAAOw+0/wAC4ph9p/gXAAAAAAAAAAAAAAAAAAAAPmcr5Wl/U5qaCtrqNtPAiq6KhdIjpFVUS6rG71dW1Nt+4+mPJrMlVktVVywVNKkdVE2N8U1K6RVREXVdJG9a9AHn5NytK3KdPHUVeU3slp3OkjqqLAkb0VtlxJE3Ul3a11fI11eUKurRjqCVKWnR7UbUSxKqTuVbNa1u3Cq7XeXWlGSKbLi5SinrcLIaenWH+LC1HyXVNitmel/VS6r5dKZ54cozsq43ZFrkbPXRzorJ4WKjGoy+tJUVF9VdndrNaXHvn8M61Pvh7C5ahhp5HVcT4JoUR0sS61Rt0RXouxzUve6eKIuoyrlGq0x0aS+omU0gRMKexmkdbZ1677SyDFFQzw/o2U3MfqWOepjlc9FSy2V0q2Tuum08dtFlJkWYbknKCMSrSVJM9T5zAkSM25y2K6X6iefd4Xx7tLdlPK0szqOSjqKinpX550r4msVytYqJiTE1102r1qnkYajKdYyixw5UyhpDo3TNikbT2zSNVySLaK9lsiW1a1t3m6fJc2UP0+FlLNQUkDHxSskViuWP1PV9Vy6nIipf5leU8gyxQq2iZU1Ejo3wR4XMRkMSp7Co5yarre6Iq+qnUWKv332T333ZprMt1VHX1SLk+ofBT0iy3xRo1VS64r4sVltbZfuNFLlXHlOppZUnVcbM1hp3uY1FY1bK9G2TWq7VMeW6DKc7KuWFqyZ6ndTMggw4nIqLZznPVERLrrRNfeXZNlroqufO5Hq42TvZZ6vhVGojGtVVtJfai7EUkdln3+v/AF7YAIPLyjlSehynRUsVK+pbUMlVWRomO7cNrKqoiJrXb3FP68+aqoEpKOaWGqjkc72Ec1zbJh1uSyot0Xw17TZUUUkuWaOsa5qRwRysciqt1V2G1uFTFR5IrKN1C5FgesEk+cTGqerI7FdNWtU1atXzHgRo/SN8lHQrPk+pdVVjHuZFEjNeG11urrImvpXo+V/TpK9lbFFLDFIrHq5HK5ETNuatla5FW97oqar7DwGQZSyfX5HpY2Usk0UNQ1EWVyNey7LLfDdq91lPXoqOroaJ0UeZfNK6WWR6uVESRyq5ERLLdLrbo2F8WONylLJm8CR/x6t0MWpfYbfEq69vqusvehsf/MO/oT7qZqTJrqaalu9HR0tNmmdauW2Jy8Keaml/8w7+hPuoQPGpMvufK+OppZWs0x9M2drUzd0cqNRbuvddWtEtdT2Txv0eo0TNY4sX6jpW1bYM5its22JHf3eFnt79ttFlJtdNMyKnmayF7o3SvRqNVzXWVE13772t46jNVekFPSTVLH01U9lI5rZ5WMRWsxIiou267ehFXuLqCkqKGmqGokUkklTJK1MaomFz1XWtttl6jPUZJqJUyphfGmmSRvjuq6ka1qLfV8KlN1qZcgbHUOngqKd8CsRYpGornY1s3DhVUW66tvzscXLsEcUqzU9RDNE5jVp3o3GqvWzLKjlat11Xv0a7EK7JE9VVVM8crGOckDor3X143Od6ydS3RCL8nVtStVUVMNE+WdjIkpnqskWBqqqorlRFuuJdeHVq1KBpXKzWwNe+jqmTOkzTKdzW43utfUt8KpbXe9tW0j+tQ5m+Ynz+dzOjWbnMdsVtuHZrve1uk8xfRqZ9O3ORUr81UZ2Kile6WFrcOFW4nJdL7fZsi9BZN6O56khtk/Jcb4Z1lSlbH/Beitwqjlw616cWHVZNQ0RpqMutjbTvwZhFqsxUtqERFiTA521FtsRFvdUspd+ssdHCsVHVSyTo50cKNa17mJ/r9ZyIia02qi69hhk9HW1VLTwS0OT4Im1aTSwQMsxW4Fba9kxLdU12T9tcZcgVEi00lRDRZRfStfC1lXrSSNVRWuVcK2elrLqW+se/1+RuXLsDlpmw01RNJUo/DGxrUVqsVEcjsSoiKir+3yvqra5lEyO8ckskr8EcUdsT1sq6rqibEVdapsMVNkmSCroJmx0kDKeOZr4qdmBqK9WqmFOnYt11X6i6upauofT1ETYUmpZlexjpFwyNVqt1rhu1bLfYuwK7JlZjGU6MpamWeoarm06MRsiIm1VxKiJa6bV6dVytcvU6pTJBT1FRJUpIrI2NRHIrFRHIuJURFRV6er5X5LSZR0imr2aM+qjidHLErnMjcjlRdTrKt0snRr17CujyPPT1lHUPljesaVDprXS75XI71U6ksqa+4C2jy9BWyU6MpqmNlTdIpZGIjXORLq3bdFSy7UtqWyqemeVTZKnhiya1z41Wkle99lXWitciW1fEh6pEAAFAAAAAAAAAAAAAAAAAAAAAAAAAAAAAAAAAAAAAAAAAAAAAAAACUHuv7nfdSJKD3X9zvuoFoAAAAAAAAAAAAAVze6Xw+5YVze6Xw+4EE2AJsAAAAAAAAAAAAAAAAAAAAAAAAAAAAAAB2H2n+BcUw+0/wLgAAAAAAAAAAAAAAAAAAAAAAAAAAAAAAAAAAAAAAAABQ/8AmHf0J91LyD42Psrk1psVFsBWCWYj+LjXmMxH8XGvMCIJZiP4uNeYzEfxca8wIglmI/i415jMR/FxrzAiCWYj+LjXmMxH8XGvMCIJZiP4uNeYzEfxca8wIglmI/i415jMR/FxrzAiCWYj+LjXmMxH8XGvMCIJZiP4uNeYzEfxca8wIglmI/i415jMR/FxrzAiCWYj+LjXmMxH8XGvMCIJZiP4uNeYzEfxca8wIglmI/i415jMR/FxrzAiCWYj+LjXmMxH8XGvMCIJZiP4uNeYzEfxca8wIglmI/i415jMR/FxrzAiCWYj+LjXmMxH8XGvMCIJZiP4uNeYzEfxca8wIglmI/i415jMR/FxrzAiCWYj+LjXmMxH8XGvMCIJZiP4uNeYzEfxca8wIglmI/i415jMR/FxrzAiCWYj+LjXmMxH8XGvMCIJZiP4uNeYzEfxca8wIglmI/i415jMR/FxrzAiCWYj+LjXmMxH8XGvMCIJZiP4uNeYzEfxca8wIglmI/i415jMR/FxrzAiSp/df3O+6jR4/i415liIjURESyJ0AdAAAAAAAAAAAAACub3S+H3LCub3S+H3AgmwBNgAAAAAAAAAAAAAAAAAAAAAAAAAAAAAAOw+0/wLimH2n+BcAAAAAAAAAAAAAAAAAAAAAAAAAAAAAAAAAAAAFEqq6XDiVERqLqW1735EcCbz+NeYGkGbAm8/jXmMCbz+NeYGkGbAm8/jXmMCbz+NeYGkGbAm8/jXmMCbz+NeYGkGbAm8/jXmMCbz+NeYGkGbAm8/jXmMCbz+NeYGkGbAm8/jXmMCbz+NeYGkGbAm8/jXmMCbz+NeYGkGbAm8/jXmMCbz+NeYGkGbAm8/jXmMCbz+NeYGkGbAm8/jXmMCbz+NeYGkGbAm8/jXmMCbz+NeYGkGbAm8/jXmMCbz+NeYGkGbAm8/jXmMCbz+NeYGkGbAm8/jXmMCbz+NeYGkGbAm8/jXmMCbz+NeYGkGbAm8/jXmMCbz+NeYGkGbAm8/jXmMCbz+NeYGkGbAm8/jXmMCbz+NeYGkGbAm8/jXmMCbz+NeYGkGbAm8/jXmMCbz+NeYGkGbAm8/jXmMCbz+NeYGkGbAm8/jXmMCbz+NeYGkGbAm8/jXmMCbz+NeYGkGbAm8/jXmMCbz+NeYGkGbAm8/jXmMCbz+NeYGkGbAm8/jXmMCbz+NeYGkGbAm8/jXmMCbz+NeYGkGbAm8/jXmMCbz+NeYGkGbAm8/jXmMCbz+NeYGkGbB8T+NS2FyuiRXLdUVUv8AJbAWAAAAAAAAAAAAABXN7pfD7lhXN7pfD7gQTYAmwAAAAAAAAAAAAAAAAAAAAAAAAAAAAAAHYfaf4FxTD7T/AALgAAAAAAAAAAAAAAAAAAAHnZQyw3J8yxJRVNU5sSzPzGD1Gotrricn7X2HonyuUqWFuWMoSPXKkcj4Y0hkg0p7MXrKvu9Vrqmr522gezR5X0uqZTvoKmnWSJZY3yOic1zUVE1Kx7t5CeUMrU+TlY2Rskj368ELcTmsTa9U3U6/K6nz2TWUD8t0UcMeVaZ6UjlRkjqq0brt1evqwpZdvqrq7jUqy00VXorUdUMyjDFnJJHI6ZPUWz3a9XrKlkSyJsQ1Xb3zTN9/fFvo45GSxtkje17Hoitc1boqdaGP9WgzyxYJMSVKU2xLYsGK+3ZYxpkiaaiqo3sZRPmRVZFTzrJG1+1HpdjcK4uhNS7dp5jZKm6yvg/zP6o1ywo5Pb0dPVvs29JPPu8L492l9BlLK1LkpjHVGddjVdUUavVETa5UTXhTVde9DMvpLk9KhsGCtVzm31UUqqi7qphui2S+tNms8+qifkynpY5EZLK2mnnlcqe3Kln7dtsTnakXYtj5yCoZUQ1mCdyOZRS1TVgrHorJGo1EWzaiRNi9KJsQRFzS7P0CproKSj0qVXIyyYW4VxOVdjUbtxLsttFDXRZQpkniRzdatfG9LPjcm1rk6FQ8+aJrcu0KpK6ad6ue5r1R2ajRip6qW9X1lbr2rsuqHaKHSMr5QqFkfHJBUpGix2RHszbFwuS3ra3LrXWnQopLuHsAAiqH/wAw7+hPuoD/AOYd/Qn3UAAAAAAAAAAAAAAAAAAAAAAAAAAAAAAAAAAAAAAAAAAAAAAAAAAAAAAAAAAAAAAAAAAAAAAAAAAAAAAAlB7r+533UiSg91/c77qBaAAAAAAAAAAAAAFc3ul8PuWFc3ul8PuBBNgCbAAAAAAAAAAAAAAAAAAAAAAAAAAAAAAAdh9p/gXFMPtP8C4AAAAAAAAAAAAAAAAAAABxURUVFS6LtQ6AM1Lk2goceh0VPTY/azMTWYvnZNZm/wCnch/+DZP/APKs5HpADA3IWR2RPibkqibG9UV7Ep2WdbZdLa7EP+nch/8AguT/APyrOR6QAyw5LyfTx5uGgpomesmFkLUT1tS6kTpsl/kSnoaOqbG2opIJmxLeNJI0cjF60vsNAAg2KNsjpGxtR77YnImt1tl1DIo43PcxjWrIuJ6ollctkS69epETwJgAAAKH/wAw7+hPuoD/AOYd/Qn3UAAAAAAAAAAAAAAAAAAAAAAAAAAAAAAAAAAAAAAAAAAAAAAAAAAAAAAAAAAAAAAAAAAAAAAAAAAAAAAAlB7r+533UiSg91/c77qBaAAAAAAAAAAAAAFc3ul8PuWFc3ul8PuBBNgCbAAAAAAAAAAAAAAAAAAAAAAAAAAAAAAAdh9p/gXFMPtP8C4AAAAAAAAAAAAAAAAAAAAAAAAAAAAAAAAAAAKH/wAw7+hPuoD/AOYd/Qn3UAAAAAAAAAAAAAAAAAAAAAAAAAAAAAAAAAAAAAAAAAAAAAAAAAAAAAAAAAAAAAAAAAAAAAAAAAAAAAAAlB7r+533UiSg91/c77qBaAAAAAAAAAAAAAFc3ul8PuWFc3ul8PuBBNgCbAAAAAAAAAAAAAAAAAAAAAAAAAAAAAAAdh9p/gXFMPtP8C4AAAAAAAAAAAAAAAAAAAAAAAAAAAAAAAAAAAKH/wAw7+hPuoD/AOYd/Qn3UAAAAAAAAAAAAAAAAAAAAAAAAAAAAAAAAAAAAAAAAAAAAAAAAAAAAAAAAAAAAAAAAAAAAAAAAAAAAAAAlB7r+533UiSg91/c77qBaAAAAAAAAAAAAAFc3ul8PuWFc3ul8PuBBNgCbAAAAAAAAAAAAAAAAAAAAAAAAAAAAAAAdh9p/gXFMPtP8C4AAAAAAAAAAAAAAAAAAAAAAAAAAAAAAAAAAAKH/wAw7+hPuoD/AOYd/Qn3UAAAAAAAAAAAAAAAAAAAAAAAAAAAAAAAAAAAAAAAAAAAAAAAAAAAAAAAAAAAAAAAAAAAAAAAAAAAAAAAlB7r+533UiSg91/c77qBaAAAAAAAAAAAAAFc3ul8PuWFc3ul8PuBBNgCbAAAAAAAAAAAAAAAAAAAAAAAAAAAAAAAdh9p/gXFMPtP8C4AAAAAAAAAAAAAAAAAAAAAAAAAAAAAAAAAAAKH/wAw7+hPuoJSRvV+NltllRdRHBNus4l5AAME26ziXkME26ziXkAAwTbrOJeQwTbrOJeQADBNus4l5DBNus4l5AAME26ziXkME26ziXkAAwTbrOJeQwTbrOJeQADBNus4l5DBNus4l5AAME26ziXkME26ziXkAAwTbrOJeQwTbrOJeQADBNus4l5DBNus4l5AAME26ziXkME26ziXkAAwTbrOJeQwTbrOJeQADBNus4l5DBNus4l5AAME26ziXkME26ziXkAAwTbrOJeQwTbrOJeQADBNus4l5DBNus4l5AAME26ziXkME26ziXkAAwTbrOJeQwTbrOJeQADBNus4l5DBNus4l5AAME26ziXkME26ziXkAAwTbrOJeQwTbrOJeQADBNus4l5DBNus4l5AAME26ziXkME26ziXkAAwTbrOJeQwTbrOJeQADBNus4l5DBNus4l5AAME26ziXkME26ziXkAAwTbrOJeQwTbrOJeQADBNus4l5DBNus4l5AAME26ziXkME26ziXkAAwTbrOJeQwTbrOJeQFFTU5jDHGzOzyXzcd7XttVV6GpdLr3oiXVURdMHuv7nfdTE/Jeczmc9fOvvLif7xqXsxdXsJf2UtfXe+J198bM2xG3uu1VAmAAAAAAAAAAAAAFc3ul8PuWFc3ul8PuBBNgCbAAAAAAAAAAAAAAAAAAAAAAAAAAAAAAAdh9p/gXFMPtP8C4AAAAAAAAAAAAAAAAAAAAAAAAAAAAAAAAAAAAAAAAAAAAAAAAAAAAAAAAAAAAAAAAAAAAAAAAAAAAAAAAAAAAAAAAAAAAAAAAAAAAAAAAAAAAAAAAAAAAAAAAAAAAAAAAAAABXN7pfD7lhXN7pfD7gQTYAmwAAAAAAAAAAAAAAAAAAAAAAAAAAAAAAHYfaf4FxTD7T/AuAAAAAAAAAAAAAAAAAAAAAAAAAAAAAAAAAAAAAAAAAAAAAAAAAAAAAAAAAAAAAAAAAAAAAAAAAAAAAAAAAAAAAAAAAAAAAAAAAAAAAAAAAAAAAAAAAAAAAAAAAAAAAAAAAAAAVze6Xw+5YVze6Xw+4EE2AJsAAAAAAAAAAAAAAAAAAAAAAAAAAAAAAB2H2n+BcUw+0/wAC4AAAAAAAAAAAAAAAAAAAAAAAAAAAAAAAAAAAAPz3/FbLuUMlQ5Pp6CqkplqMbnvidhdZuGyIvRt/Y/MU9I8uq5XJlzKV+ldKk5mJziJp0xwmYt/SAP5wT0gy5hwplvKNl6NLfzH6/l1bXy5lJbbP82/V+5OpC9KX9Hg/nL9fy9ixfrmUr9elycwmXsuo1U/W8ooi7U0p/MdSDpy/o0H85fr2Xlsn63lGybP80/V+539fy9fEmXMo4uvSn8xzwdOX9GA/nRMvZdRqp+t5Qsu3/NP1/uP17Ly4U/WsoK1P/wAp+r9xzwnTl/RYP51/X8vYsX63lC/XpUnM6mXcu2VEy1X2Xb/mn6/3HUhelL+iQfzx+u5dVERcs16omxNKfzO/r2XsWL9ZyhiTp0p9/uTqQvSl/QwP56TLmXbL/wBsV9l2/wCafr/cmmXMuKiIuV69UTYmkv5k6sL0Z3f0EePlPLi0kywU8bXvb7TnbE7j8YTLuXFdi/V6+/XpL+Z9tkyslqsmU87JFklc1Eke9yqqr/qv1nXh5RnLnxMJwh9hk3Lq1U6QVEbWOf7Lm7F7tZ7J8fRNdU5UgzaLqc1bbqJtPsDeUU5RICua2FqLfWvR5lataqoqtRVTZdNhlpoBnwtR2KyXXpsMDEbhRqWXosBoBnwNW3qpq2atgwtxYsKX67AaAZ8DERUwtsu1LDA1beqmrZq2AaAZ8LcWLCl+uwwMRFTCll26toGgGfAxURMKWTZq2DC3FiwpfrsBoBnRjURURqWXbq2jAxURMLbJsSwGgGfC3FiwpfrsMDUv6qa9uraBoBnwMVETC2ybEsMLVdisl06bAaAVw2s5EVVs7p6CwAAAAAAAAAAAAAAAAAAAAAAAAAAAAAAAAAAAAAAAAAAABXN7pfD7lhXN7pfD7gQTYAmwAAAAAAAAAAAAAAAAAAAAAAAAAAAAAAHYfaf4FxTD7T/AuAAAAAAAAAAAAAAAAAAAAAAAAAAAAAAAAAAAD80/xip0kpsnzqqosWNE78Stv9v3Pyo/XP8AF1FXJdKt9WJdXi0/JLHDP5PRw/iE2Jd6IvWhFEJt9pPmYbl90mSMj+un6fA5zUSyZ3DiXpTbqLW5DyK5qKuSW7bKiVKX+ftHr0zUVqXRNnUbmRsW3qNX+1DrjWzzzMvn2+juQ3pf9KcmzZU6/wD3Em+jGQnJdMmVKX6p/wD/AEfSMhjVfdM4UJTrTUlLLUywsVkLFe60aKtkOn7dmby3fNr6I5Cdb/I1iXRf++6vEgvojkTatHlFqImtUfc1f9ZejqKqLDJ4UzV/5O/9YejapfNSJ/8AxUF4bL+9kT0KyM6TC2PKKar4rpb7Ef8AovJGFrv+0m4k3UVU+eo2t9LPRtzrIx6X66ax7NEtBX0ramniY6N6qiKrLbFt/wAFiMJLzh87H6BZNljR7Kitai9Dmoi+SoF/w/ouisqU+bW8j6paSn7FnkRWlg7JP3JOGKdTLd8mvoDTN2V0/jG08bL3o+zI0cL2VD5c65W+s1EtZD9BdTQ7n/qXmfL+msTWUFMrUt/GXpVf9JzzwxjHR14eeU5REvjmJrN1FW1NCqrTTLHi2ptRfBTE1NZah5bmJuHtqJipfvVHR09LGiwwpGrkRV6V81NJGO6RtxLdbJcke98xXLezbJfXr7tSkCct7Nsttevv1KQAAAAAAAAAAAAAAAAAAAAAAJxLqdqtr89SFhXFezrrqvq8iwAAAAAAAAAAAAAAAAAAAAAAAAAAAAAAAAAAAAAAAAAAABXN7pfD7lhXN7pfD7gQTYAmwAAAAAAAAAAAAAAAAAAAAAAAAAAAAAAHYfaf4FxTD7T/AALgAAAAAAAAAAAAAAAAAAAHl5QynWQVbqahoY6p8cGefjnWNbXsiIiNddVsvVsPUPl8qZGgkylXzSZA0lJ4mIyeOOnXA5MV3eu5FvdU6NdgPToMqVdTVwxT0tOyOeB00ckNQ6S6IrUsqKxtva/YsrsrLTz6PSUr62dvrSxxuRM2zrVetehu1flrPnMirkuvyzTup8h0zFiplzstNo6sjkVU9a7HqqbFt06/mp2TK+TWUtRTUuVMnxZvKMSwK6Rrkw+oquWzkV2vEqqq326zVax75pm9J98W+siraWembUsnYsTlREcq213tZb7FvqttvqMa5Y/zKw5jZWJS3x9bMeLZ4WPPSTJFVRVr6rLOTJHzNwST00iRNbf2VcmNyYrpqVdeo8huWKVEVXZUye6q/UWvV2kNwKuYRMV93F0k8+7wvj3aX1dVlRIqiGmpYHVcs2O2B7Ua3AqI7EqrqsqompFUw1WW8pU8dbImTaVzaBiOmvWORV9XEqN/h69XXYw6JQzrktsFLFlynghmbI6PNyMzqqxVcquXCiquJevWHwVDqfLGT6XJlnTtbEjIHMSOG8SIl7q3Vr6EUUsPSyt6S0eSpY4VdFLO6yviWpjiVjev13Ii/LpJZI9Jsm5YlfDDK2OZrlakT5onOfZLqrUY5107z57LyJpVUrKh1LZUjfNTzuhROrEqPVirdV9tGKt9pf6OUyMmo6irke2JqOZSZueV8DnJdn+tzk1prba17rtsWIimZt9iADLT88/xbt+mU3XfX5ofkp+t/wCLd/0unS3Suv8Auafkh58/k9HD+ISbtQiSQy6P1aB7WQo97ka1GoqqvQa4qqnW38eNb7PXTWYaVbxMv1Ib40Ze+BvkdsXmlcytpP8AdQr8noRyhNT1OS6unbOxzpIHpZrrrrQtjRm63yQVTWNydUIxrW/wX7Et0KbiGJfn1R6PzNc1kjnyLZURGLi9nV0IVu9HpGoqpHUO12sjHa+/YenS5UqaV6zK/OqrVRUkVV2rfr60PSTLFVgR6Mgs9MXsu6f7tpviThw/lTHUnd8yuSHxMRHtnjbiumNttfih976LRJDkCCNFVbK/Wv8AUp41TNWZSpkhlzUbMSO1MVF1eKntZDhe3I7YmzqxWSPTE1E16+8zjxOFnFYdyM+aat6qoRUqWGW1tLl+eFvIg6Ga6LpUlr7MLeRppN58v6apfJcK9U6f+1T35IZr3SrkROlMLeR4PpiirkVt1urZm6/BTnn8ZdOH8ofFITaVITRTwy+hD+gorJEzCt0wpYmQj1xM9XD6qauomfQfMVTW9S+3Fq8lIk5V1N1XuvlqUgAAAAAAAAAMy5Qp0qcyssdsN1djTUt7WNJDMt0hJrriRmG3Ra9wJgAAAAAAAAACcNvXsuvFr8kLCuLY71bett69SFgAAAAAAAAAAAAAAAAAAAAAAAAAAAAAAAAAAAAAAAAAAACub3S+H3LCub3S+H3AgmwBNgAAAAAAAAAAAAAAAAAAAAAAAAAAAAAAOw+0/wAC4ph9p/gXAAAAAAAAAAAAAAAAAAAAAAAAAAAAB51PPLVZWrUa9UZSI2FjL6lerUcqr16lann1mTJdTU08+WFyjV5/RpGuVyNwta3NtcqNS62TWB7gPnqqjyiuSm1DpayWdILtggmwKyVbuVzlxJiRLoiN16k2KaWVr0myTUNnz0VczNPVEVGq7Ar2uROjY5PFOotJb2AARX57/i0i/pdPr1a9X9zT8lsfrX+LNv06n67Lfiafkp58/k9PD+Ih1Dh0y2/T6R38Jn9KGxlTCmpZo0sl9bkPOpHfwo/6U+xeymcr8Wf9VV1tzbVv3Xsd47PPL0W1tMi66mJP70JzVdPJSysbNG5XRusiOS66lMcdK5L/AOYciWsiIxurv2FktKuZlclTKl2O1Jh6vkdIc3hQ0tNlOVWUjMGBFVfU2oqpbp2mz/p2Rb+urdaLdI0/I8OloquudmqSVkb2ojnK9VRFTq1H0lPTT00LIljbijia1HMRVS6bbXNzMxNMVFWpZ6MXuq1Tm/ONOZ6+Q4lpqGSnV2JYp3txdZCCnVPXlcj1VutMCJbyLaBcOkon+4d/wLuCI1blcQc44ritzg2493efPelvrZEf3SMX9z3HuPB9J/WyJP3K1f8A1IY4kftlvh/KHw6KWI4pQkh86X0If0RHdI24lutkuSIRWSJllumFLKTPoPmK5b2bZba9ffqUgSmt6l9uLV5KRAAAAAAMD69zY5H4mtRjlRHJG56L3KiWwr8ydLVvlZjkdezfWaynell6UvruUTMleiyuieqLI6yI3ZZLItk1qurUq7BSsq6fFLIx70Vl7NXW51k2p19F+7Wa8Iuhykx8COc1yybrWKl/Wslr6ulOk7LWv1NZG6N6PwuR7cS+yq6kausy5mRrWtbFI5YmNR1mql3Y0VbX29OsnIySSZz3Ur1RZkXA5EW6YFTrtbxFJbkVfVySJGrWterlS2auqJ1qmO6eRo01zYqV7m++9rC1VXZfUiGSKlnZUYnUSPjW922ZZPkiuW3mXxQOlZSRvY9jYo8TlurVva1rp4gXNrLzuascqR4UwrmX3Vdd+j5GozRxOirbNWVY1j14nucl796mkjQACAAAJxXs666r6vIsK4bevZb+tr7tSFgAAAAAAAAAAAAAAAAAAAAAAAAAAAAAAAAAAAAAAAAAAACub3S+H3LCub3S+H3AgmwBNgAAAAAAAAAAAAAAAAAAAAAAAAAAAAAAOw+0/wAC4ph9p/gXAAAAAAAAAAAAAAAAAAAAAAAAAAABhgpZKfK1TK1t4KprXuW/svamH90twqH5Jp3rWK50lq17XSpdLeqiJZNWxUbr+am4AYarJjaipWoiqp6WRzEZIsOH+I1L2RcTV2XXWll17StcnJplBHHEkdJQNVzEvtdhVjU8Gqu3rTvPSAAAAfnn+LS/5CmbZNjl+frN/wDvifk59x/j4+SObID2PVuqotZbL/3Z+c5NrnVTHMl94zp60OPEx8u/Cyjs3A4qp1jG1On9jlDs/RqR38Fn9KfY3xPPEydVRz0scsTrscmpbW7j0o5EPTi82T0mPLXOvE9Otqp+xgZLY0JIitVFXainRzl8tTungkxRSOjdayq1bajTJUzSoiPqJXW6Vcpynp0mkRrs7Gm86NbG1MlQ/wC5evyiU6c0OdSwR1kqRSpp7osGxq4vVtrvqvdFXUmyyn0GQJsVE9VVbrIqrfbsQ86XJebgkWCercqpdYmpgSRU2IqmrIzJYKd7ZoVicr72Vb3SxzwjLWZl3nl8PbWQqfIVOlSxS+ZDTNJSynjZffjyPUp8N/3Q2SzbTysry4sn1Detimc/jLphGsPkL6zqKQvrJIp86Xth/RcWuJlkt6qauomRjvm24ttkuSPe+arl2N1X9by1KQJyotm2XVfX5EAAAAAAAAAAAAAAAAAAAAAACcX+rVb1vPUhYVxXs6+y+ryLAAAAAAAAAAAAAAAAAAAAAAAAAAAAAAAAAAAAAAAAAAAAFc3ul8PuWFc3ul8PuBBNgCbAAAAAAAAAAAAAAAAAAAAAAAAAAAAAAAdh9p/gXFMPtP8AAuAAAAAAAAAAAAAAAAAAAAAAAAAAAAAAAAAAAD8t/wAa/RrKmW6fJdVkyklq1pVkbJHE3E6zsNlRE1r7PR1n5bkr0W9I2VbnPyBlNrUYt1WjkT/g/qQEmLhqJqbfzivo7l3Di/RcoWXp0V/Iivo3l7Ejf0TKN16NFfyP6QBz6cOnVnZ+LZEyTlaHJsbH5MrGOZfEjoHIqa126j1W0eUGMRy0NSideZdyP1QG4xpicrfluarWORrqCtv1aLIv/wCpLO1Lb/8AZ2UVw7bUUq2/Y/UAauWdH5fp1S1uL9JysqdaUTyLspVqKiJkHLCquxNEclz9SA1LjZ+VLlXKS3Rvo3lZVTb/AJdU/wCCl2VssWxN9GcpW61id+J+tgmu7XNGz8hflTL62RPRmuRV2Xik1/8ApKXV3pG5VRPRur1bUzMmr9j9kA/duc0bPxSSp9JFYr/0CqRvWlNKv/BgqH5fnRYpMgZRTFdEVMnza/2P3oGZxme8tdTaH8+pkDLarZMj19+rRX3T9i+i9GMt1lTHE3JlVGj3IiySQua1veqqh+9gx0Ya687Isbhja3qREJAHZwVTWwtct/VW/wDx/wAkMTcWHEl+q5oAGfG1b+snq7dewY2I3FibZem5oAGfE1HYbpdei4xtW/rJ6u3XsNAAz42YcWJLdd9QxNRUTEl12Jc0ADPjat/WTVt17DmNmHFjbbruaQBnxNRUTEl12JcYmqqpiS6bdew0ADNjZhxY2267ncTUVExJddmvaaABnxNVVTEl0269gxsw4sSW67mgAZ8bUt6ya9mvaMTVVUxJdNqXNAArhthVyLqct/8AgsAAAAAAAAAAAAAAAAAAAAAAAAAAAAAAAAAAAAAAAAAAAAAVze6Xw+5YVze6Xw+4EE2AJsAAAAAAAAAAAAAAAAAAAAAAAAPkv8QcvvyXkptFTPVlRWXTE1dbWJtXx2eYHoS+mvo9DK+J+UW4mOVq2Y5UuneiA/Fwb5YZt/QoAMNOw+0/wLimH2n+BcAAAAAAAAAAAAAAAAAAAAAAAAAAAAAAAAAAAArmmZBE6R62RqKtule5CwyZSRzqCVGtR3qre/Qlr3A6/KEEd1dnMKJdXpGrmp3KqJtIzZThglzbmrfCjtbmN2/1Kh5608tO5rnSw3e5maxM2601ImLov1eJdUzQsq0SSaPE5zWvcydzNVlvdEdq1/c1UMxLZBXsqWyLFG9yx2u1HMW9+pUW37ktIl/2U/mz8jBTyRzQuWNccr2t9VlQ5XKttqriujUv/wDdRNrGySS5iZ8yRsatm1D7Kt1ul8W2yIFa5a6KKVsbmzK5VtZsTl8dmvwOPro2tu2Kd2tEtmlbtW211k2qZMaNrHrNVaOmabmrqiKjVvqXFfXqS5Ux7H5KjiZUaQ9UZ/BwtfhsqX1Il7fMlJbamU2uY56U06oxqud7GpLqm93KWvrYI3o2R6MuxHXcqImvYmvpPLpY85SSI180f8NzXNjjba2J3Xfr2Jr1fItxJTyzuSqbiVI3sVz0ajkS+r5WFK2syjTSw5xkiOsl3NRUVzUva6oRflSjjc5qzMxNcjbI5Nd/EzSVMc8FVKypVVRf4bGSa0RNV7IvSt/2OSRTS1UL1hVqvRyo1aqRF6O7V8kLQ3LWwpI5l3OVrUd6jVddF6UtdSLcoRvgzzI5VS2JcTMFk+brJ+55lVCkc0vqI573x4kVqP24rol2r1dXQchjayOpiVzYUzTUTG3DdVVdq4GquzvFFtzcswPcrWsVVRbe8j1/L1tZe6ujbIrHRyorW4nqrdTU/wCfC5lnlkkbM50cjYZMKMc5Fs221VTal/kU1UMjqmeRFXAsLnIiyuXVr17beGwVA9OOqhlerGq5HI3EqPY5urr1ocZVxvzSojkSa+BVTUtue1DE98E9Q9ZHSMibAmPE1WXS+zWmz5HUqo54UbIjnRvdqVjVtEn+nWiW/fUKLXzZTghldGqIqt1KqSxp93IpOmrWVTnNY1Uwoi3xNVFvfpaq9RRLTVLppLYnNwojXLUOZ0a1s1CDHxPx46nE2OCNJHxvvdUVbpfbr8yaDZHWRSVDoWqt02LbU621EXpsJKtkbntRrnOYl7IqJfrtdU2Jt+ZmzauhooZEwYrqqNTCrVwqqW6jPUQZqaaXN40VWtc50Nr60TXZUV3Xs1ij7bG5QRWK5aeVqIxH+srE9Ven2u4rblmB7la1iqqLb3kev5etrKFcjmVbHyNar2N9eRj2a1VdVnKur5Fk8skjZnOjkbDJhRjnItm22qqbUv8AIug9JFu1FVFS/QvQdOIqKiKi3RdinTKgAAAAAAAAAAAAAAAAAAAAAAAAAAAAAAAAAAAAAAAAAAAAAAAAAAAAAAAAAAAAAVze6Xw+5YVze6Xw+4EE2AJsAAAAAAAAAAAAAAAAAAAAAAAPyP8AxEqXT+lUkSuu2CJjGpfZdMX/AOx+uH5F/iHTOh9KpJFbZJ42PReuyYf+DWPdJfLgA2y/oUAHJt2H2n+BcUw+0/wLgAAAAAAAAAAAAAAAAAAAAAAAAAAAAAAAAAAAHHOaxqucqNaiXVVXUh0z162oJ+9ionzXUgBK6jVURKuBVXoziGg86VKuVz6V8sCKqIrf4apjTpsuJdhdJT3qkukysf8A6mzPTCveiLsLojU1zXJdqoqXtqU6eQ+HBR/w3O9eoVjscjlbbGu1FX5fMmj3QQy08catXO4XPhY5WtSyKqoiXt1fMngeoDyKdsNQykZM1HRtplVEeltaWuuvu6ScctYlNTZpHK1Ym5xcF1anWnWvdrLRb1AedVsjbPHPG1iuSVqSPR13p0Wt47P2KIEe3N1DmRulke9t0RUei69q31pq2W1ah4tXsA8VFbTQRS02FsjqRznuTpXVrXr13NC1E8SSolTncDGSIuFNaqvs6k6ejp1iktvWKNXYlY1XXRb216tgjhiiVyxxsYrlu5WtRL/MrpHulpmyPdic66qlrYe7w2FqObIy7HoqLsc1UUiuq5qORquRFXYl9p08uoxtrI/83MrYr5x9mfw76k/0mu0zZI4myPel8T5HImzq1IiFpF6SMcxXo9qtS91RdWraU6fR/wC7g+ohlpJJIYY363Qq+Rr0RPZ9ZbO+XWcfJPU1kMrGtbH62aSRF9Zbe0vV1J5ihvZPDIzGyVjmquG7XIqX6iLaylc/A2piV2zCj0uefXyukZEroXMc1yKrFle1dTkRbYU17U17SMEqPqmNxtxLK71XS4nI5EVEVW4UW1k606BEEzT10c1W4kVFba976rBrkc1HNVFRUuip0nl2ZorZJXZuNUc1VbM5iIt1tqxW1nUgp20NO18SzSvjRGRvcrtaol9uxE6+gK9QHkyOdQ1bJZHq9IoWMkXrRcWvzRDRkxr2pPnFXGsiOdfoVWov/IpLbgARQAAAAAAAAAAAAAAAAAAAAAAAAAAAAAAAAAAAAAAAAAAAAAAAAAAAAAAAAAAAAAK5vdL4fcsK5vdL4fcCCbAE2AAAAAAAAAAAAAAAAAAAAAAAHx/+IOQX5SyY2tp2K6eluuFqa3MXb5bfM+wOOajkspYH89g/Y5fQjIUsr5HUDcT3K5bPciXXuuDXNDNPogAYadh9p/gXFMPtP8C4AAAAAAAAAAAAAAAAAAAAAAAAAAAAAAAAAAABB8bJERHtujVRyfNCYArlhjnZhkYjk2p3L3dQfC18aMVX2TpR6ovmi3LABW2CJkOZRiLHru12u/zvtJMjZExGRsaxqbGtSyEgBU+mgkY1j4Y3Nb7LVaionyLERESyJZEOgCtYIVlSVYmLIn+vCl/MJDE2VZWxMSRdr0al18SwAUOo6dYpGNibHnUs5WNRFUkyngjbZkMbURcVkaia+v5loAijGtvhaiXW62S11OMiZHEkTEwsRLIiLsQmAK44Ioos0xiIzpTr+fWcbTRshWFqOazqa9Ut8lvqLQBCKJkEaRxpZqbEvc66Nrnteqesy9l6rkgBRPRwVDkdLHic3Y66oqfJU2HEo4kX2pl+c71/5NAAzJQU7dTEfGnVHK5qeSKd0KmVLPhbLbYsvrr5uuaALFeYhw4c0zDZG2wpaybEJo1rVVUaiK5bqqJtOgAAAAAAAAAAAAAAAAAAAAAAAAAAAAAAAAAAAAAAAAAAAAAAAAAAAAAAAAAAAAAAAAAVze6Xw+5YVze6Xw+4EE2AJsAAAAAAAAAAAAAAAAAAAAAAAAAAAAf/2Q==', '2016-07-21 14:33:58', '2016-07-21 14:33:58', '2', '0', NULL, '', '2016-11-08 15:04:40', '60');


set @company_id=12;
set @hr_id_paid = 12;
set @hr_id_paid_mobile = '13800000002';


-- 普通付费公司
REPLACE INTO `hrdb`.`hr_company` (`id`, `type`, `name`, `introduction`, `scale`, `address`, `property`, `industry`, `homepage`, `logo`, `abbreviation`, `impression`, `banner`, `parent_id`, `hraccount_id`, `disable`, `create_time`, `update_time`, `source`, `slogan`, `feature`, `fortune`) VALUES (@company_id, '0', '上海大岂网络科技有限公司2-普通付费', '仟寻是日本最大互联网公司Recruit Holdings在华战略投资企业。仟寻是招聘领域的Airbnb。\r\n       仟寻目前已经完成两轮融资，融资总额超过700万美元，投资方主要为世界上最大的在线人力资源集团和日本最大互联网公司Recruit Holdings。Recruit Holdings同时也是前程无忧的控股股东和58同城的投资人。其他投资人包括英诺天使（美团网天使投资人）、正和岛联合投资基金和Infinity Venture Partners （36氪投资人） 。 \r\n       仟寻与小红书、映客等企业同为腾讯创业营二期成员。仟寻是创投界的奥斯卡：《红鲱鱼》杂志2016全球100强得主。。\r\n仟寻的客户包括中国十大互联网公司中的6家，以及Wal-mart, GE, Disney, Bosch, L’Oreal, Cisco, GM等数百家世界500强企业。仟寻目前接近盈亏平衡。预计2017年完成B轮融资。\r\n       点击这里查看仟寻创始人的故事：http://qianbidao.baijia.baidu.com/article/687060.\r\n仟寻是日本最大互联网公司Recruit Holdings在华战略投资企业。仟寻是招聘领域的Airbnb。\r\n       仟寻目前已经完成两轮融资，融资总额超过700万美元，投资方主要为世界上最大的在线人力资源集团和日本最大互联网公司Recruit Holdings。Recruit Holdings同时也是前程无忧的控股股东和58同城的投资人。其他投资人包括英诺天使（美团网天使投资人）、正和岛联合投资基金和Infinity Venture Partners （36氪投资人） 。 \r\n       仟寻与小红书、映客等企业同为腾讯创业营二期成员。仟寻是创投界的奥斯卡：《红鲱鱼》杂志2016全球100强得主。。\r\n仟寻的客户包括中国十大互联网公司中的6家，以及Wal-mart, GE, Disney, Bosch, L’Oreal, Cisco, GM等数百家世界500强企业。仟寻目前接近盈亏平衡。预计2017年完成B轮融资。\r\n       点击这里查看仟寻创始人的故事：http://qianbidao.baijia.baidu.com/article/687060.', '2', '上海市徐汇区乐山路33号1号楼', '3', '电子商务', 'http://www-t.dqprism.com', 'upload/logo/98d7ebc2-fcc2-4e29-9fc1-e8131c67c5f4.jpeg', '寻仟信息2-普通付费', '', '{\"banner0\":\"upload/logo/72a3df46-b0d1-45e9-8dac-6bd259032fa6.jpg?imageMogr2/crop/!1279x613a0a0\"}', '0', @hr_id_mother, '0', '2015-09-08 10:43:25', '2018-10-18 20:52:45', '0', '企业口号', '', '1');

-- company_conf
REPLACE INTO `hrdb`.`hr_company_conf` (`company_id`, `theme_id`, `hb_throttle`, `app_reply`, `create_time`, `update_time`, `employee_binding`, `recommend_presentee`, `recommend_success`, `forward_message`, `application_count_limit`, `school_application_count_limit`, `job_custom_title`, `search_seq`, `search_img`, `job_occupation`, `teamname_custom`, `application_time`, `newjd_status`, `hr_chat`, `show_in_qx`, `employee_slug`, `display_locale`, `talentpool_status`, `veryeast_switch`, `job51_salary_discuss`) VALUES (@company_id, '4', '10', '你已申请该职位哦', '2016-08-04 11:57:59', '2018-10-30 10:44:03', '员工认证', '恭喜你员工推荐成功啦~喜闻乐见！获得积分：{recom_reward}；您的总积分为：{current_reward}。', '评价成功！您在本公司活动中获得的红包总金额已达：{recom_hb}元。', '多个朋友多条路，多推荐，多拿钱！', '200', '200', '职位职位', '1#9#3#5', 'upload/logo/5352c9d2-1c4e-4af9-bccc-2939d2b1bcac.jpg?imageMogr2/crop/!205x361a4a137', '职位职能名称', 'Team', '2017-03-30 14:09:16', '2', '2', '1', '仟寻', '', '2', '1', '0');


-- hr_company_account
REPLACE INTO `hrdb`.`hr_company_account` (`company_id`, `account_id`) VALUES (@company_id, @hr_id_paid);

-- 创建普通账号
REPLACE INTO `userdb`.`user_hr_account` (`id`, `company_id`, `mobile`, `email`, `wxuser_id`, `password`, `username`, `account_type`, `activation`, `disable`, `register_time`, `register_ip`, `last_login_time`, `last_login_ip`, `login_count`, `source`, `create_time`, `update_time`, `headimgurl`, `leave_to_mobot`, `remark_name`) VALUES ( @hr_id_paid , @company_id, @hr_id_paid_mobile, '3@moseeker.com', '2', '1fb586718403e6b398655502d2114f5ac27badd1', 'putong paid', '2', '1', '1', '2016-07-20 14:31:05', '182.92.169.77', '2018-10-30 14:20:10', '101.81.226.48', '4993', '1', '2016-07-20 14:31:05', '2018-09-20 15:21:51', 'upload/hravatar/41db022e-71ce-4926-930e-6fca69a39852.png?imageMogr2/crop/!130x130a3a0', '0', '');




set @company_id=13;
set @hr_id_free = 13;
set @hr_id_free_mobile = '13800000003';

-- 免费公司
REPLACE INTO `hrdb`.`hr_company` (`id`, `type`, `name`, `introduction`, `scale`, `address`, `property`, `industry`, `homepage`, `logo`, `abbreviation`, `impression`, `banner`, `parent_id`, `hraccount_id`, `disable`, `create_time`, `update_time`, `source`, `slogan`, `feature`, `fortune`) VALUES (@company_id, '1', '上海大岂网络科技有限公司3-免费', '仟寻是日本最大互联网公司Recruit Holdings在华战略投资企业。仟寻是招聘领域的Airbnb。\r\n       仟寻目前已经完成两轮融资，融资总额超过700万美元，投资方主要为世界上最大的在线人力资源集团和日本最大互联网公司Recruit Holdings。Recruit Holdings同时也是前程无忧的控股股东和58同城的投资人。其他投资人包括英诺天使（美团网天使投资人）、正和岛联合投资基金和Infinity Venture Partners （36氪投资人） 。 \r\n       仟寻与小红书、映客等企业同为腾讯创业营二期成员。仟寻是创投界的奥斯卡：《红鲱鱼》杂志2016全球100强得主。。\r\n仟寻的客户包括中国十大互联网公司中的6家，以及Wal-mart, GE, Disney, Bosch, L’Oreal, Cisco, GM等数百家世界500强企业。仟寻目前接近盈亏平衡。预计2017年完成B轮融资。\r\n       点击这里查看仟寻创始人的故事：http://qianbidao.baijia.baidu.com/article/687060.\r\n仟寻是日本最大互联网公司Recruit Holdings在华战略投资企业。仟寻是招聘领域的Airbnb。\r\n       仟寻目前已经完成两轮融资，融资总额超过700万美元，投资方主要为世界上最大的在线人力资源集团和日本最大互联网公司Recruit Holdings。Recruit Holdings同时也是前程无忧的控股股东和58同城的投资人。其他投资人包括英诺天使（美团网天使投资人）、正和岛联合投资基金和Infinity Venture Partners （36氪投资人） 。 \r\n       仟寻与小红书、映客等企业同为腾讯创业营二期成员。仟寻是创投界的奥斯卡：《红鲱鱼》杂志2016全球100强得主。。\r\n仟寻的客户包括中国十大互联网公司中的6家，以及Wal-mart, GE, Disney, Bosch, L’Oreal, Cisco, GM等数百家世界500强企业。仟寻目前接近盈亏平衡。预计2017年完成B轮融资。\r\n       点击这里查看仟寻创始人的故事：http://qianbidao.baijia.baidu.com/article/687060.', '2', '上海市徐汇区乐山路33号1号楼', '3', '电子商务', 'http://www-t.dqprism.com', 'upload/logo/98d7ebc2-fcc2-4e29-9fc1-e8131c67c5f4.jpeg', '寻仟信息3-免费', '', '{\"banner0\":\"upload/logo/72a3df46-b0d1-45e9-8dac-6bd259032fa6.jpg?imageMogr2/crop/!1279x613a0a0\"}', '0', @hr_id_mother, '0', '2015-09-08 10:43:25', '2018-10-18 20:52:45', '0', '企业口号', '', '1');

-- company_conf
REPLACE INTO `hrdb`.`hr_company_conf` (`company_id`, `theme_id`, `hb_throttle`, `app_reply`, `create_time`, `update_time`, `employee_binding`, `recommend_presentee`, `recommend_success`, `forward_message`, `application_count_limit`, `school_application_count_limit`, `job_custom_title`, `search_seq`, `search_img`, `job_occupation`, `teamname_custom`, `application_time`, `newjd_status`, `hr_chat`, `show_in_qx`, `employee_slug`, `display_locale`, `talentpool_status`, `veryeast_switch`, `job51_salary_discuss`) VALUES (@company_id, '4', '10', '你已申请该职位哦', '2016-08-04 11:57:59', '2018-10-30 10:44:03', '员工认证', '恭喜你员工推荐成功啦~喜闻乐见！获得积分：{recom_reward}；您的总积分为：{current_reward}。', '评价成功！您在本公司活动中获得的红包总金额已达：{recom_hb}元。', '多个朋友多条路，多推荐，多拿钱！', '200', '200', '职位职位', '1#9#3#5', 'upload/logo/5352c9d2-1c4e-4af9-bccc-2939d2b1bcac.jpg?imageMogr2/crop/!205x361a4a137', '职位职能名称', 'Team', '2017-03-30 14:09:16', '2', '2', '1', '仟寻', '', '2', '1', '0');


-- hr_company_account
REPLACE INTO `hrdb`.`hr_company_account` (`company_id`, `account_id`) VALUES (@company_id, @hr_id_free);

-- 创建普通账号
REPLACE INTO `userdb`.`user_hr_account` (`id`, `company_id`, `mobile`, `email`, `wxuser_id`, `password`, `username`, `account_type`, `activation`, `disable`, `register_time`, `register_ip`, `last_login_time`, `last_login_ip`, `login_count`, `source`, `create_time`, `update_time`, `headimgurl`, `leave_to_mobot`, `remark_name`) VALUES ( @hr_id_free , @company_id, @hr_id_free_mobile, '4@moseeker.com', '3', '1fb586718403e6b398655502d2114f5ac27badd1', 'putong paid', '2', '1', '1', '2016-07-20 14:31:05', '182.92.169.77', '2018-10-30 14:20:10', '101.81.226.48', '4993', '1', '2016-07-20 14:31:05', '2018-09-20 15:21:51', 'upload/hravatar/41db022e-71ce-4926-930e-6fca69a39852.png?imageMogr2/crop/!130x130a3a0', '0', '');



-- 手机注册用户
REPLACE INTO `userdb`.`user_wx_user` (`id`, `wechat_id`, `group_id`, `sysuser_id`, `is_subscribe`, `openid`, `nickname`, `sex`, `city`, `country`, `province`, `language`, `headimgurl`, `subscribe_time`, `unsubscibe_time`, `unionid`, `reward`, `auto_sync_info`, `create_time`, `update_time`, `source`) VALUES ('1', '414', '0', '856711', '1', 'oWdfNjuDlLrxhcbbEPwWBAmQUkkU', 'RAY', '1', '', '中国', '上海', 'zh_CN', 'http://thirdwx.qlogo.cn/mmopen/lKgCXNDmCibdtwWYDs7lNAiakbPjYlDOBfBEUWmVvEKvc9d2yRqsDI4hIJPWTIBVUpYorxsLo4t5jRdm7Wsuicn2Whr9LG4gcXB/132', '2017-09-05 10:06:18', NULL, 'oHhnJt2VlaRS_5KLCeDoDXomCFsY', '0', '0', '2017-09-05 10:06:18', '2018-08-04 01:07:15', '7');
REPLACE INTO `userdb`.`user_user` (`id`, `country_code`, `username`, `password`, `is_disable`, `rank`, `register_time`, `register_ip`, `last_login_time`, `last_login_ip`, `login_count`, `mobile`, `email`, `activation`, `activation_code`, `token`, `name`, `headimg`, `national_code_id`, `wechat_id`, `unionid`, `source`, `company`, `position`, `parentid`, `nickname`, `email_verified`, `update_time`) VALUES ('1', '86', '18616539219', '', '0', NULL, '2016-08-26 12:23:58', '211.95.63.237', '2018-06-07 11:15:17', '211.95.63.237', '5', '18616539219', '', '0', '0', '08a9a007ce216805e4afad90412f9f92a58e4d32', '', 'http://thirdwx.qlogo.cn/mmopen/lKgCXNDmCibdtwWYDs7lNAiakbPjYlDOBfBEUWmVvEKvc9d2yRqsDI4hIJPWTIBVUpYorxsLo4t5jRdm7Wsuicn2Whr9LG4gcXB/132', '1', '42', 'oHhnJt2VlaRS_5KLCeDoDXomCFsY', '2', '', '', '0', 'RAY', '2', '2018-08-04 01:07:15');

-- 微信注册用户
REPLACE INTO `userdb`.`user_user` (`id`, `country_code`, `username`, `password`, `is_disable`, `rank`, `register_time`, `register_ip`, `last_login_time`, `last_login_ip`, `login_count`, `mobile`, `email`, `activation`, `activation_code`, `token`, `name`, `headimg`, `national_code_id`, `wechat_id`, `unionid`, `source`, `company`, `position`, `parentid`, `nickname`, `email_verified`, `update_time`) VALUES ('2', '86', 'oHhnJt2jXD6OVtbOd_rUw7Veu3u4', '', '0', NULL, '2017-07-13 14:43:45', '114.221.23.208', '2017-07-13 14:43:45', '114.221.23.208', '1', '0', '', '0', '0', '', '', 'http://thirdwx.qlogo.cn/mmopen/gRQzzdqsicEKtsTiadPekrhaTQV0fkR40rQt8xJywOUmp54EOhjKJ8fOic1RV1XMS0AVjpmyfw9icC0xUqvWHNKjFYh7FcPuI1XI/132', '1', '414', 'oHhnJt2jXD6OVtbOd_rUw7Veu3u4', '2', '', '', '0', '张伟 ¹⁵³⁶⁶¹¹³⁹⁰⁰', '2', '2018-08-03 23:21:13');
REPLACE INTO `userdb`.`user_wx_user` (`id`, `wechat_id`, `group_id`, `sysuser_id`, `is_subscribe`, `openid`, `nickname`, `sex`, `city`, `country`, `province`, `language`, `headimgurl`, `subscribe_time`, `unsubscibe_time`, `unionid`, `reward`, `auto_sync_info`, `create_time`, `update_time`, `source`) VALUES ('2', '414', '0', '2578576', '1', 'oWdfNjovGQvsprwxhxcdA0tpPJVo', '张伟 ¹⁵³⁶⁶¹¹³⁹⁰⁰', '2', '南京', '中国', '江苏', 'zh_CN', 'http://thirdwx.qlogo.cn/mmopen/gRQzzdqsicEKtsTiadPekrhaTQV0fkR40rQt8xJywOUmp54EOhjKJ8fOic1RV1XMS0AVjpmyfw9icC0xUqvWHNKjFYh7FcPuI1XI/132', '2017-07-13 14:43:42', NULL, 'oHhnJt2jXD6OVtbOd_rUw7Veu3u4', '0', '0', '2017-07-13 14:43:42', '2018-08-03 23:21:13', '7');


set @status=0;
set @hr_id = 10;
Set @hr_id_child = 11;
set @company_id=10;
set @user_id=1;

delete from jobdb.job_position where id in(10000,10001,10002,10003,10004);

INSERT INTO jobdb.job_position (id,jobnumber, company_id, title, province, city, department, l_jobid, publish_date, stop_date, accountabilities, experience, requirement, salary, language, job_grade, status, visitnum, lastvisit, source_id, update_time, business_group, employment_type, hr_email, benefits, degree, feature, email_notice, candidate_source, occupation, is_recom, industry, hongbao_config_id, hongbao_config_recom_id, hongbao_config_app_id, email_resume_conf, l_PostingTargetId, priority, share_tpl_id, district, count, salary_top, salary_bottom, experience_above, degree_above, management_experience, gender, publisher, app_cv_config_id, source, hb_status, child_company_id, age, major_required, work_address, keyword, reporting_to, is_hiring, underlings, language_required, target_industry, current_status, position_code, team_id, profile_cc_mail_enabled, is_referral) VALUES (10000,'759926', @company_id, 'Procurement Analyst', '', '中国-南京', '', 0, '2017-10-13 18:49:28', null, '', '', '同上', '面议', '', 10, @status, 1, '', 10, '2018-10-25 14:56:20', '', 0, null, '', 0, '', 1, 0, '', 1, '', 0, 0, 0, 0, null, 10, null, '', 0, 0, 0, 0, 0, 1, 2, @hr_id, 0, 9, 0, 0, 0, '', '', '', '', 0, 0, 0, 0, 0, 0, 0, 0, 0);
INSERT INTO jobdb.job_position (id,jobnumber, company_id, title, province, city, department, l_jobid, publish_date, stop_date, accountabilities, experience, requirement, salary, language, job_grade, status, visitnum, lastvisit, source_id, update_time, business_group, employment_type, hr_email, benefits, degree, feature, email_notice, candidate_source, occupation, is_recom, industry, hongbao_config_id, hongbao_config_recom_id, hongbao_config_app_id, email_resume_conf, l_PostingTargetId, priority, share_tpl_id, district, count, salary_top, salary_bottom, experience_above, degree_above, management_experience, gender, publisher, app_cv_config_id, source, hb_status, child_company_id, age, major_required, work_address, keyword, reporting_to, is_hiring, underlings, language_required, target_industry, current_status, position_code, team_id, profile_cc_mail_enabled, is_referral) VALUES (10001,'771688', @company_id, 'Operator-2', '', '中国-南京', '', 0, '2017-10-13 18:49:28', null, '', '', '同上', '面议', '', 10, @status, 0, '', 10, '2018-10-25 14:56:20', '', 0, null, '', 0, '', 1, 0, '', 1, '', 0, 0, 0, 0, null, 10, null, '', 0, 0, 0, 0, 0, 1, 2, @hr_id, 0, 9, 0, 0, 0, '', '', '', '', 0, 0, 0, 0, 0, 0, 0, 0, 0);
INSERT INTO jobdb.job_position (id,jobnumber, company_id, title, province, city, department, l_jobid, publish_date, stop_date, accountabilities, experience, requirement, salary, language, job_grade, status, visitnum, lastvisit, source_id, update_time, business_group, employment_type, hr_email, benefits, degree, feature, email_notice, candidate_source, occupation, is_recom, industry, hongbao_config_id, hongbao_config_recom_id, hongbao_config_app_id, email_resume_conf, l_PostingTargetId, priority, share_tpl_id, district, count, salary_top, salary_bottom, experience_above, degree_above, management_experience, gender, publisher, app_cv_config_id, source, hb_status, child_company_id, age, major_required, work_address, keyword, reporting_to, is_hiring, underlings, language_required, target_industry, current_status, position_code, team_id, profile_cc_mail_enabled, is_referral) VALUES (10002,'771160', @company_id, 'Operator-2', '', '北京工厂', '', 0, '2017-10-13 18:49:29', null, '', '', '同上', '面议', '', 10, @status, 0, '', 10, '2018-10-25 14:56:20', '', 0, null, '', 0, '', 1, 0, '', 1, '', 0, 0, 0, 0, null, 10, null, '', 0, 0, 0, 0, 0, 1, 2, @hr_id_child, 0, 9, 0, 0, 0, '', '', '', '', 0, 0, 0, 0, 0, 0, 0, 0, 0);
INSERT INTO jobdb.job_position (id,jobnumber, company_id, title, province, city, department, l_jobid, publish_date, stop_date, accountabilities, experience, requirement, salary, language, job_grade, status, visitnum, lastvisit, source_id, update_time, business_group, employment_type, hr_email, benefits, degree, feature, email_notice, candidate_source, occupation, is_recom, industry, hongbao_config_id, hongbao_config_recom_id, hongbao_config_app_id, email_resume_conf, l_PostingTargetId, priority, share_tpl_id, district, count, salary_top, salary_bottom, experience_above, degree_above, management_experience, gender, publisher, app_cv_config_id, source, hb_status, child_company_id, age, major_required, work_address, keyword, reporting_to, is_hiring, underlings, language_required, target_industry, current_status, position_code, team_id, profile_cc_mail_enabled, is_referral) VALUES (10003,'760138', @company_id, 'Electrician-1', '', '中国-无锡', '', 0, '2017-10-13 18:49:29', null, '', '', '同上', '面议', '', 10, @status, 0, '', 10, '2018-10-25 14:56:20', '', 0, null, '', 0, '', 1, 0, '', 1, '', 0, 0, 0, 0, null, 10, null, '', 0, 0, 0, 0, 0, 1, 2, @hr_id_child, 0, 9, 0, 0, 0, '', '', '', '', 0, 0, 0, 0, 0, 0, 0, 0, 0);
INSERT INTO jobdb.job_position (id,jobnumber, company_id, title, province, city, department, l_jobid, publish_date, stop_date, accountabilities, experience, requirement, salary, language, job_grade, status, visitnum, lastvisit, source_id, update_time, business_group, employment_type, hr_email, benefits, degree, feature, email_notice, candidate_source, occupation, is_recom, industry, hongbao_config_id, hongbao_config_recom_id, hongbao_config_app_id, email_resume_conf, l_PostingTargetId, priority, share_tpl_id, district, count, salary_top, salary_bottom, experience_above, degree_above, management_experience, gender, publisher, app_cv_config_id, source, hb_status, child_company_id, age, major_required, work_address, keyword, reporting_to, is_hiring, underlings, language_required, target_industry, current_status, position_code, team_id, profile_cc_mail_enabled, is_referral) VALUES (10004,'770363', @company_id, 'Digital Marketing Executive', '', '中国-上海', '', 0, '2017-10-13 18:49:29', null, '', '', '同上', '面议', '', 10, @status, 0, '', 10, '2018-10-25 14:56:20', '', 0, null, '', 0, '', 1, 0, '', 1, '', 0, 0, 0, 0, null, 10, null, '', 0, 0, 0, 0, 0, 1, 2, @hr_id_child, 0, 9, 0, 0, 0, '', '', '', '', 0, 0, 0, 0, 0, 0, 0, 0, 0);

delete from jobdb.job_occupation where id in(10000,10001,10002,10003,10004);
INSERT INTO jobdb.job_occupation (id,company_id, status, name) VALUES (10001,@company_id, 1, '生产经理/车间主任');
INSERT INTO jobdb.job_occupation (id,company_id, status, name) VALUES (10002,@company_id, 1, '医药销售代表');
INSERT INTO jobdb.job_occupation (id,company_id, status, name) VALUES (10003,@company_id, 1, '临床数据分析员');
INSERT INTO jobdb.job_occupation (id,company_id, status, name) VALUES (10004,@company_id, 1, '销售代表');
INSERT INTO jobdb.job_occupation (id,company_id, status, name) VALUES (10000,@company_id, 1, '销售代表');

delete from jobdb.job_custom where id in(10000,10001,10002,10003,10004);
INSERT INTO jobdb.job_custom (id,company_id, status, name, type) VALUES (10000, @company_id, 1, '自宝义1', 1);
INSERT INTO jobdb.job_custom (id,company_id, status, name, type) VALUES (10001, @company_id, 1, '22@mos.com', 1);
INSERT INTO jobdb.job_custom (id,company_id, status, name, type) VALUES (10002, @company_id, 1, '12@gmail.com', 1);
INSERT INTO jobdb.job_custom (id,company_id, status, name, type) VALUES (10003, @company_id, 1, '阿迪', 1);
INSERT INTO jobdb.job_custom (id,company_id, status, name, type) VALUES (10004, @company_id, 1, '耐克', 1);



delete from jobdb.job_position_ext where pid in(10000,10001,10002,10003,10004);

INSERT INTO jobdb.job_position_ext (pid, job_custom_id, job_occupation_id, extra, alipay_job_id) VALUES (10000, 0,  10001, '', 0);
INSERT INTO jobdb.job_position_ext (pid, job_custom_id, job_occupation_id, extra, alipay_job_id) VALUES (10001, 0,  10002, '', 0);
INSERT INTO jobdb.job_position_ext (pid, job_custom_id, job_occupation_id, extra, alipay_job_id) VALUES (10002, 0,  10003, '', 0);
INSERT INTO jobdb.job_position_ext (pid, job_custom_id, job_occupation_id, extra, alipay_job_id) VALUES (10003, 0,  10004, '', 1);
INSERT INTO jobdb.job_position_ext (pid, job_custom_id, job_occupation_id, extra, alipay_job_id) VALUES (10004, 0,  10000, '', 1);

delete from jobdb.job_position_city where pid in(10000,10001,10002,10003,10004);

INSERT INTO jobdb.job_position_city (pid, code) VALUES (10000, 110000);
INSERT INTO jobdb.job_position_city (pid, code) VALUES (10001, 110000);
INSERT INTO jobdb.job_position_city (pid, code) VALUES (10000, 220100);
INSERT INTO jobdb.job_position_city (pid, code) VALUES (10002, 710100);
INSERT INTO jobdb.job_position_city (pid, code) VALUES (10001, 710200);
INSERT INTO jobdb.job_position_city (pid, code) VALUES (10002, 710400);
INSERT INTO jobdb.job_position_city (pid, code) VALUES (10003, 710500);
INSERT INTO jobdb.job_position_city (pid, code) VALUES (10004, 710800);
INSERT INTO jobdb.job_position_city (pid, code) VALUES (10001, 810000);
INSERT INTO jobdb.job_position_city (pid, code) VALUES (10001, 820000);
INSERT INTO jobdb.job_position_city (pid, code) VALUES (10002, 430100);
INSERT INTO jobdb.job_position_city (pid, code) VALUES (10003, 310000);

delete from jobdb.job_application where id in(10000,10001,10002,10003,10004);

INSERT INTO jobdb.job_application (id,wechat_id, position_id, recommender_id, submit_time, status_id, l_application_id, reward, source_id, `_create_time`, applier_id, interview_id, resume_id, ats_status, applier_name, disable, routine, is_viewed, not_suitable, company_id, update_time, app_tpl_id, proxy, apply_type, email_status, view_count, recommender_user_id, origin) VALUES (10000,0, 10000, 0, '2018-02-06 13:51:31', 0, 0, 50, 0, '2017-07-17 18:24:56', @user_id, 0, '', 0, '', 1, 0, 0, 0, @company_id, '2018-02-06 16:06:10', 10, 0, 0, 0, 0, 0, 0);
INSERT INTO jobdb.job_application (id,wechat_id, position_id, recommender_id, submit_time, status_id, l_application_id, reward, source_id, `_create_time`, applier_id, interview_id, resume_id, ats_status, applier_name, disable, routine, is_viewed, not_suitable, company_id, update_time, app_tpl_id, proxy, apply_type, email_status, view_count, recommender_user_id, origin) VALUES (10001,0, 10001, 0, '2017-08-04 17:42:41', 0, 0, 0, 0, '2017-08-04 17:42:41', @user_id, 0, '', 0, '', 0, 0, 0, 0, @company_id, '2018-02-06 16:06:10', 1, 0, 0, 0, 0, 0, 0);
INSERT INTO jobdb.job_application (id,wechat_id, position_id, recommender_id, submit_time, status_id, l_application_id, reward, source_id, `_create_time`, applier_id, interview_id, resume_id, ats_status, applier_name, disable, routine, is_viewed, not_suitable, company_id, update_time, app_tpl_id, proxy, apply_type, email_status, view_count, recommender_user_id, origin) VALUES (10002,0, 10002, 0, '2018-02-06 13:51:31', 0, 0, 0, 0, '2017-08-15 16:42:46', @user_id, 0, '', 0, '', 0, 0, 0, 0, @company_id, '2018-02-06 16:06:10', 6, 0, 0, 0, 0, 0, 0);
INSERT INTO jobdb.job_application (id,wechat_id, position_id, recommender_id, submit_time, status_id, l_application_id, reward, source_id, `_create_time`, applier_id, interview_id, resume_id, ats_status, applier_name, disable, routine, is_viewed, not_suitable, company_id, update_time, app_tpl_id, proxy, apply_type, email_status, view_count, recommender_user_id, origin) VALUES (10003,0, 10004, 0, '2018-02-06 13:51:31', 0, 0, 100, 0, '2017-08-23 16:06:56', @user_id, 0, '', 0, '', 0, 0, 0, 0, @company_id, '2018-08-27 09:39:14', 12, 0, 0, 0, 7, 0, 2);
INSERT INTO jobdb.job_application (id,wechat_id, position_id, recommender_id, submit_time, status_id, l_application_id, reward, source_id, `_create_time`, applier_id, interview_id, resume_id, ats_status, applier_name, disable, routine, is_viewed, not_suitable, company_id, update_time, app_tpl_id, proxy, apply_type, email_status, view_count, recommender_user_id, origin) VALUES (10004,0, 10003, 0, '2018-02-06 13:51:31', 0, 0, 0, 0, '2017-08-23 16:08:26', @user_id, 0, '', 0, '', 0, 0, 0, 0, @company_id, '2018-03-01 18:14:12', 6, 0, 0, 0, 9, 0, 2);

delete from `profiledb`.`profile_profile` where id = @profile_id;
delete from `profiledb`.`profile_education` where profile_id = @profile_id;
delete from `profiledb`.`profile_basic` where profile_id = @profile_id;
delete from `profiledb`.`profile_completeness` where profile_id = @profile_id;
delete from `profiledb`.`profile_intention` where profile_id = @profile_id;
delete from `profiledb`.`profile_other` where profile_id = @profile_id;
delete from `profiledb`.`profile_projectexp` where profile_id = @profile_id;
delete from `profiledb`.`profile_skill` where profile_id = @profile_id;
delete from `profiledb`.`profile_workexp` where profile_id = @profile_id;
delete from `profiledb`.`profile_works` where profile_id = @profile_id;

INSERT INTO `profiledb`.`profile_profile` (`id`, `uuid`, `lang`, `source`, `completeness`, `user_id`, `disable`, `create_time`, `update_time`, `origin`) VALUES (@profile_id, '18d23b6c-343f-4425-a012-b07ea6172470', '1', '0', '94', @user_id, '1', '2018-09-18 18:25:14', '2018-09-18 18:23:58', '1000000000000000');
INSERT INTO `profiledb`.`profile_education` (`id`, `profile_id`, `start`, `end`, `end_until_now`, `college_code`, `college_name`, `college_logo`, `major_code`, `major_name`, `degree`, `description`, `is_full`, `is_unified`, `is_study_abroad`, `study_abroad_country`, `create_time`, `update_time`, `country_id`) VALUES ('340624', @profile_id, '2015-09-01', '2018-09-18', '1', '44324', '张家界航空工业职业技术学院', '', '0', '计算机科学与技术', '4', '', '0', '0', '0', '', '2018-09-18 18:25:14', '2018-09-18 18:23:58', '43');
INSERT INTO `profiledb`.`profile_basic` (`profile_id`, `name`, `gender`, `nationality_code`, `nationality_name`, `city_code`, `city_name`, `birth`, `weixin`, `qq`, `motto`, `self_introduction`, `create_time`, `update_time`) VALUES (@profile_id, '杨志阳', '1', '0', '', '310000', '上海-嘉定区', '1997-02-18', '', '', '', '最近一年时间主要从事微信公众号平台的开发，完成了多个微信商城的开发以及后续的维护工作,对微擎开发微信商城有一定的实战经验,对微擎开发具备自己的想法和经验', '2018-09-18 18:25:14', '2018-09-18 18:23:58');
INSERT INTO `profiledb`.`profile_completeness` (`profile_id`, `user_user`, `profile_basic`, `profile_workexp`, `profile_education`, `profile_projectexp`, `profile_language`, `profile_skill`, `profile_credentials`, `profile_awards`, `profile_works`, `profile_intention`) VALUES (@profile_id, '8', '15', '45', '10', '10', '0', '1', '2', '0', '0', '3');
INSERT INTO `profiledb`.`profile_intention` (`id`, `profile_id`, `worktype`, `workstate`, `salary_code`, `tag`, `consider_venture_company_opportunities`, `create_time`, `update_time`) VALUES ('122535', @profile_id, '1', '2', '0', '0', '0', '2018-09-18 18:25:14', '2018-09-18 18:23:58');
INSERT INTO `profiledb`.`profile_other` (`profile_id`, `other`, `create_time`, `update_time`) VALUES (@profile_id, '{\"workyears\":1,\"degree\":\"大专\",\"expectsalary\":\"6万以下\",\"salary\":\"6万以下\"}', '2018-09-18 18:25:14', '2018-09-18 18:23:58');
INSERT INTO `profiledb`.`profile_projectexp` (`id`, `profile_id`, `start`, `end`, `end_until_now`, `name`, `company_name`, `is_it`, `dev_tool`, `hardware`, `software`, `url`, `description`, `role`, `responsibility`, `achievement`, `member`, `create_time`, `update_time`) VALUES ('211327', @profile_id, '2018-09-01', '2018-09-18', '1', '菜场app', '苏州阿米巴信息技术有限公司', '0', '', '', '', '', '菜市场app，用于用户在手机上下单购买菜市场里面的菜，通过骑手配送到用户手里，商家交完佣金，入驻app以后，可以使用app发布销售菜的信息。项目使用到maven+spring mvc +spring +mybatis', '', '我主要开发新增商品和供应商模块', '', '', '2018-09-18 18:25:14', '2018-09-18 18:23:58');
INSERT INTO `profiledb`.`profile_projectexp` (`id`, `profile_id`, `start`, `end`, `end_until_now`, `name`, `company_name`, `is_it`, `dev_tool`, `hardware`, `software`, `url`, `description`, `role`, `responsibility`, `achievement`, `member`, `create_time`, `update_time`) VALUES ('211328', @profile_id, '2017-11-01', '2017-12-01', '0', '微信公众号金如意金融平台', '苏州阿米巴信息技术有限公司', '0', '', '', '', '', '微信流量大，微信公众号，小程序特别火，为了适应在线金融，的发展趋势，实现在线销售黄金，项目主要实现活存金和定存金黄金的购买，实时更新金价，购买之后实现第三方易宝支付，和微信支付,该项目主要使用maven+spring +spring mvc+hibernate', '', '我在这个项目中负责编写黄金平台的易宝支付和微信支付功能', '', '', '2018-09-18 18:25:14', '2018-09-18 18:23:58');
INSERT INTO `profiledb`.`profile_skill` (`id`, `profile_id`, `name`, `level`, `month`, `create_time`, `update_time`) VALUES ('144534', @profile_id, 'Java', '3', '0', '2018-09-18 18:25:14', '2018-09-18 18:23:58');
INSERT INTO `profiledb`.`profile_workexp` (`id`, `profile_id`, `start`, `end`, `end_until_now`, `salary_code`, `industry_code`, `industry_name`, `company_id`, `department_name`, `position_code`, `position_name`, `description`, `type`, `city_code`, `city_name`, `report_to`, `underlings`, `reference`, `resign_reason`, `achievement`, `create_time`, `update_time`, `job`) VALUES ('473436', @profile_id, '2017-06-01', '2018-09-18', '1', '0', '1101', '计算机软件', '259696', '产品开发部', '0', '', '在公司用微擎负责多个微信公众号商城的开发如淘鲜蜂商城，玉叶生鲜商城，和在线教育平台如微鑫学社，在线拍卖商城如中艺微拍的程序开发和数据库设计工作,有幸参与j2ee互联网金融平台的金如意的程序开发工作开发工作,和微信支付的开发。', '0', '0', '', '', '0', '', '', '', '2018-09-18 18:25:14', '2018-09-18 18:23:58', '软件工程师');
INSERT INTO `profiledb`.`profile_works` (`id`, `profile_id`, `name`, `url`, `cover`, `description`, `create_time`, `update_time`) VALUES ('3', @profile_id, '', 'http://sda.s.com', 'profile/myheadimage.jpg', 'sda\n333\naeSd\nsdaDA\nDASDA\nDSADA\n水电费\n第三方是发的谁', '2016-07-25 16:26:43', '2016-07-25 16:26:43');

